1.546812749003984022e-01,1.199540819771760386e-01,9.009836360771603103e-02,6.850451302136088827e-02,4.979123055799401093e-02,2.657843203457356876e-02,3.899768159002408446e-02,1.234536430548990454e-01,1.854750489567155158e-01,2.496302923897629755e-01,2.284635469421748000e-01,1.923306772908366657e-01,1.849399014113039252e-01,1.755852297026583020e-01,1.719174150854210215e-01,1.651484457649627369e-01,1.391586197582551088e-01,1.181837621266347005e-01,1.484457649627478892e-01,1.738160352938528386e-01,1.806193305872554888e-01,1.857097035586467715e-01,1.882200013505300751e-01,1.804398226303824126e-01
2.250883471762666971e-06,1.125441735881333485e-06,1.125441735881333485e-06,5.627208679406667427e-07,5.627208679406667427e-07,0.000000000000000000e+00,0.000000000000000000e+00,0.000000000000000000e+00,5.627208679406667427e-07,1.688162603822000122e-06,2.813604339703333608e-06,0.000000000000000000e+00,5.627208679406667427e-07,0.000000000000000000e+00,1.688162603822000122e-06,1.688162603822000122e-06,5.627208679406667427e-07,1.125441735881333485e-06,1.688162603822000122e-06,1.125441735881333485e-06,0.000000000000000000e+00,0.000000000000000000e+00,5.627208679406667427e-07,1.688162603822000122e-06
0.000000000000000000e+00,0.000000000000000000e+00,0.000000000000000000e+00,0.000000000000000000e+00,0.000000000000000000e+00,0.000000000000000000e+00,0.000000000000000000e+00,5.627208679406667427e-07,0.000000000000000000e+00,0.000000000000000000e+00,0.000000000000000000e+00,0.000000000000000000e+00,0.000000000000000000e+00,0.000000000000000000e+00,0.000000000000000000e+00,5.627208679406667427e-07,0.000000000000000000e+00,0.000000000000000000e+00,0.000000000000000000e+00,5.627208679406667427e-07,0.000000000000000000e+00,0.000000000000000000e+00,0.000000000000000000e+00,0.000000000000000000e+00
0.000000000000000000e+00,0.000000000000000000e+00,0.000000000000000000e+00,0.000000000000000000e+00,0.000000000000000000e+00,0.000000000000000000e+00,0.000000000000000000e+00,0.000000000000000000e+00,0.000000000000000000e+00,0.000000000000000000e+00,0.000000000000000000e+00,0.000000000000000000e+00,0.000000000000000000e+00,0.000000000000000000e+00,0.000000000000000000e+00,0.000000000000000000e+00,0.000000000000000000e+00,0.000000000000000000e+00,0.000000000000000000e+00,0.000000000000000000e+00,0.000000000000000000e+00,0.000000000000000000e+00,0.000000000000000000e+00,0.000000000000000000e+00
3.538923402435456000e-01,2.565500709028293858e-01,2.016667792108402524e-01,1.522874603281788031e-01,1.008480203479865805e-01,5.022114930110067876e-02,7.586771557836451130e-02,1.873821099781664279e-01,2.918793751547482662e-01,3.288253764602606655e-01,3.198617957548337554e-01,3.065855223175096289e-01,3.171905597947194400e-01,3.210845882008688257e-01,3.211538028676255707e-01,3.277381997433992944e-01,3.065444436941499595e-01,2.876280189974564916e-01,3.791433137506471374e-01,4.431786976388232269e-01,4.634000720282711039e-01,4.701538478852949621e-01,4.838330294640646456e-01,4.479376280189974469e-01
0.000000000000000000e+00,0.000000000000000000e+00,0.000000000000000000e+00,0.000000000000000000e+00,0.000000000000000000e+00,0.000000000000000000e+00,0.000000000000000000e+00,0.000000000000000000e+00,0.000000000000000000e+00,0.000000000000000000e+00,0.000000000000000000e+00,0.000000000000000000e+00,0.000000000000000000e+00,0.000000000000000000e+00,0.000000000000000000e+00,0.000000000000000000e+00,0.000000000000000000e+00,0.000000000000000000e+00,0.000000000000000000e+00,0.000000000000000000e+00,5.627208679406667427e-07,0.000000000000000000e+00,0.000000000000000000e+00,0.000000000000000000e+00
5.627208679406667427e-07,0.000000000000000000e+00,0.000000000000000000e+00,0.000000000000000000e+00,0.000000000000000000e+00,0.000000000000000000e+00,0.000000000000000000e+00,0.000000000000000000e+00,0.000000000000000000e+00,0.000000000000000000e+00,0.000000000000000000e+00,0.000000000000000000e+00,0.000000000000000000e+00,0.000000000000000000e+00,0.000000000000000000e+00,0.000000000000000000e+00,0.000000000000000000e+00,0.000000000000000000e+00,0.000000000000000000e+00,0.000000000000000000e+00,0.000000000000000000e+00,0.000000000000000000e+00,0.000000000000000000e+00,0.000000000000000000e+00
3.586220091385869130e-03,2.913205933328831630e-03,2.305467395952911364e-03,1.903121975375334776e-03,1.648772143066153497e-03,1.186215589618925528e-03,5.542800549215567626e-04,6.302473720935467417e-04,7.034010849258333841e-04,6.488171607355886763e-04,6.454408355279447375e-04,7.163436648884687541e-04,9.515609876876673879e-04,1.084363112521664809e-03,1.178900218335696831e-03,1.432687329776937508e-03,1.479393161816012700e-03,1.461386094041911476e-03,1.967834875188511409e-03,2.435455916447205448e-03,2.935714768046458322e-03,3.433722736173948353e-03,3.784860557768924497e-03,3.818061088977423717e-03
3.488317914781551843e-01,2.297032210142480879e-01,1.554983456006482634e-01,1.064752290273932450e-01,7.253359443581605670e-02,4.651225606050374967e-02,8.923121075021946125e-02,2.274467103338060070e-01,3.761124991559187114e-01,4.172867850631372666e-01,4.575624057442546078e-01,5.079084790780381553e-01,5.427003849010736403e-01,5.506561325320188383e-01,5.430205730749319004e-01,5.843130303644180623e-01,5.584914578972246524e-01,5.066159092443783818e-01,6.183863416390933399e-01,6.746781236635379653e-01,6.155766763454656454e-01,5.566147838026425099e-01,5.507585477299840049e-01,4.840952573885249910e-01
1.750061899295473342e-04,1.035406397010826747e-04,8.497085105904067233e-05,6.583834154905799990e-05,4.783127377495666752e-05,7.371643370022733959e-05,2.239629054403853418e-04,5.368357080153960325e-04,9.819479145564634880e-04,1.265559231998559337e-03,1.244738559884754668e-03,1.346591036982015387e-03,1.268372836338262782e-03,1.264996511130618735e-03,1.297071600603236750e-03,1.459135210570148850e-03,1.487271253967182216e-03,1.016836608368784731e-03,9.583136381029553740e-04,8.694037409683300251e-04,5.745380061674207209e-04,4.726855290701600563e-04,3.370697998964593527e-04,2.329664393274360080e-04
8.332432979944628948e-02,6.719337339905913364e-02,5.134602831611407431e-02,3.909165597497017697e-02,3.298951088302158607e-02,2.423132329439305066e-02,2.851306637855358095e-02,6.512931325545276429e-02,8.834098633713732829e-02,7.936502577261575486e-02,7.354367839376955984e-02,7.232313683120625281e-02,7.235296103720710581e-02,7.584520674364687853e-02,7.813097890922186817e-02,8.342055506786413832e-02,8.482566907511197851e-02,8.527303216512481521e-02,9.774911652823733976e-02,9.832815630134827956e-02,9.439417471357507139e-02,9.298906070632723120e-02,9.333119499403515207e-02,9.155130888873883044e-02
2.674612285321988948e-03,2.608211222904990075e-03,2.085443536588110942e-03,1.676345465595246043e-03,1.527787156458910132e-03,1.365160825624057430e-03,1.104621063767528659e-03,1.188466473090688154e-03,2.090508024399577013e-03,2.057870214059018179e-03,1.597001823215612234e-03,1.567740338082697447e-03,1.519909064307740833e-03,1.544106061629189550e-03,1.634704121367636705e-03,1.824341053863641569e-03,1.853039818128615537e-03,1.828842820807166820e-03,2.193485943232718720e-03,2.209804848402998137e-03,2.274517748216174987e-03,2.270015981272649301e-03,2.295901141197920041e-03,2.404506268710469071e-03
0.000000000000000000e+00,0.000000000000000000e+00,0.000000000000000000e+00,0.000000000000000000e+00,0.000000000000000000e+00,0.000000000000000000e+00,0.000000000000000000e+00,0.000000000000000000e+00,0.000000000000000000e+00,0.000000000000000000e+00,0.000000000000000000e+00,0.000000000000000000e+00,0.000000000000000000e+00,0.000000000000000000e+00,0.000000000000000000e+00,0.000000000000000000e+00,0.000000000000000000e+00,0.000000000000000000e+00,0.000000000000000000e+00,0.000000000000000000e+00,5.627208679406667427e-07,0.000000000000000000e+00,0.000000000000000000e+00,0.000000000000000000e+00
0.000000000000000000e+00,0.000000000000000000e+00,0.000000000000000000e+00,0.000000000000000000e+00,0.000000000000000000e+00,0.000000000000000000e+00,0.000000000000000000e+00,0.000000000000000000e+00,0.000000000000000000e+00,0.000000000000000000e+00,0.000000000000000000e+00,0.000000000000000000e+00,0.000000000000000000e+00,0.000000000000000000e+00,0.000000000000000000e+00,0.000000000000000000e+00,0.000000000000000000e+00,0.000000000000000000e+00,0.000000000000000000e+00,0.000000000000000000e+00,0.000000000000000000e+00,0.000000000000000000e+00,0.000000000000000000e+00,0.000000000000000000e+00
6.189929547347333852e-06,4.501766943525333942e-06,1.688162603822000122e-06,3.376325207644000245e-06,3.376325207644000245e-06,6.752650415288000489e-06,1.350530083057600098e-05,2.419699732144866877e-05,3.151236860467733844e-05,4.276678596349067118e-05,4.332950683143133442e-05,5.458392419024467394e-05,6.583834154905799990e-05,5.177031985054133737e-05,6.077385373759200355e-05,6.189929547347333683e-05,4.445494856731266770e-05,3.263781034055867171e-05,2.701060166115200196e-05,2.588515992527066868e-05,1.688162603822000249e-05,7.315371283228667126e-06,8.440813019110001247e-06,9.003533887050667884e-06
4.445494856731266770e-05,4.614311117113467100e-05,3.601413554820267153e-05,2.363427645350800214e-05,1.800706777410133577e-05,2.082067211380466895e-05,8.440813019110001247e-06,2.194611384968600222e-05,2.813604339703333523e-05,3.995318162378733460e-05,2.813604339703333523e-05,2.194611384968600222e-05,3.545141468026200151e-05,4.051590249172800463e-05,3.263781034055867171e-05,4.389222769937200445e-05,5.514664505818533719e-05,6.471289981317667340e-05,6.640106241699866992e-05,6.077385373759200355e-05,4.501766943525333772e-05,4.389222769937200445e-05,4.389222769937200445e-05,3.826501901996533808e-05
0.000000000000000000e+00,0.000000000000000000e+00,0.000000000000000000e+00,0.000000000000000000e+00,0.000000000000000000e+00,0.000000000000000000e+00,0.000000000000000000e+00,0.000000000000000000e+00,0.000000000000000000e+00,0.000000000000000000e+00,0.000000000000000000e+00,0.000000000000000000e+00,0.000000000000000000e+00,0.000000000000000000e+00,0.000000000000000000e+00,0.000000000000000000e+00,0.000000000000000000e+00,0.000000000000000000e+00,0.000000000000000000e+00,0.000000000000000000e+00,0.000000000000000000e+00,0.000000000000000000e+00,0.000000000000000000e+00,0.000000000000000000e+00
5.325590294190469566e-03,5.085871204447745680e-03,4.021203322304003902e-03,3.034753640804015596e-03,2.502419699732144707e-03,1.958268620433520086e-03,1.104058342899588057e-03,1.048348976973462144e-03,1.311139622301753542e-03,1.493461183514529491e-03,1.549733270308596223e-03,1.672969140387602213e-03,1.674094582123483417e-03,1.909311904922682051e-03,2.024669682850518959e-03,2.297026582933801679e-03,2.632970941094379611e-03,2.843428545704188709e-03,3.026312827784905478e-03,3.492245706439777494e-03,3.816935647241542513e-03,4.087604384721003209e-03,4.546784612960586697e-03,5.026222792446035335e-03
1.688162603822000122e-06,1.125441735881333485e-06,0.000000000000000000e+00,0.000000000000000000e+00,5.627208679406667427e-07,0.000000000000000000e+00,0.000000000000000000e+00,0.000000000000000000e+00,0.000000000000000000e+00,1.125441735881333485e-06,0.000000000000000000e+00,0.000000000000000000e+00,0.000000000000000000e+00,1.125441735881333485e-06,0.000000000000000000e+00,5.627208679406667427e-07,1.688162603822000122e-06,0.000000000000000000e+00,1.125441735881333485e-06,0.000000000000000000e+00,5.627208679406667427e-07,5.627208679406667427e-07,0.000000000000000000e+00,5.627208679406667427e-07
0.000000000000000000e+00,0.000000000000000000e+00,0.000000000000000000e+00,0.000000000000000000e+00,0.000000000000000000e+00,0.000000000000000000e+00,0.000000000000000000e+00,0.000000000000000000e+00,0.000000000000000000e+00,0.000000000000000000e+00,0.000000000000000000e+00,0.000000000000000000e+00,0.000000000000000000e+00,0.000000000000000000e+00,0.000000000000000000e+00,0.000000000000000000e+00,0.000000000000000000e+00,0.000000000000000000e+00,0.000000000000000000e+00,0.000000000000000000e+00,0.000000000000000000e+00,0.000000000000000000e+00,0.000000000000000000e+00,0.000000000000000000e+00
0.000000000000000000e+00,0.000000000000000000e+00,0.000000000000000000e+00,0.000000000000000000e+00,0.000000000000000000e+00,0.000000000000000000e+00,0.000000000000000000e+00,0.000000000000000000e+00,0.000000000000000000e+00,0.000000000000000000e+00,0.000000000000000000e+00,0.000000000000000000e+00,0.000000000000000000e+00,0.000000000000000000e+00,0.000000000000000000e+00,0.000000000000000000e+00,0.000000000000000000e+00,0.000000000000000000e+00,0.000000000000000000e+00,0.000000000000000000e+00,0.000000000000000000e+00,0.000000000000000000e+00,0.000000000000000000e+00,0.000000000000000000e+00
0.000000000000000000e+00,0.000000000000000000e+00,1.688162603822000122e-06,5.627208679406667427e-07,0.000000000000000000e+00,0.000000000000000000e+00,0.000000000000000000e+00,0.000000000000000000e+00,0.000000000000000000e+00,0.000000000000000000e+00,0.000000000000000000e+00,0.000000000000000000e+00,0.000000000000000000e+00,0.000000000000000000e+00,0.000000000000000000e+00,0.000000000000000000e+00,0.000000000000000000e+00,0.000000000000000000e+00,0.000000000000000000e+00,0.000000000000000000e+00,0.000000000000000000e+00,0.000000000000000000e+00,0.000000000000000000e+00,0.000000000000000000e+00
0.000000000000000000e+00,0.000000000000000000e+00,0.000000000000000000e+00,0.000000000000000000e+00,0.000000000000000000e+00,0.000000000000000000e+00,0.000000000000000000e+00,0.000000000000000000e+00,0.000000000000000000e+00,0.000000000000000000e+00,0.000000000000000000e+00,0.000000000000000000e+00,0.000000000000000000e+00,0.000000000000000000e+00,0.000000000000000000e+00,0.000000000000000000e+00,0.000000000000000000e+00,0.000000000000000000e+00,0.000000000000000000e+00,0.000000000000000000e+00,0.000000000000000000e+00,0.000000000000000000e+00,0.000000000000000000e+00,0.000000000000000000e+00
0.000000000000000000e+00,0.000000000000000000e+00,0.000000000000000000e+00,0.000000000000000000e+00,0.000000000000000000e+00,0.000000000000000000e+00,0.000000000000000000e+00,0.000000000000000000e+00,0.000000000000000000e+00,0.000000000000000000e+00,0.000000000000000000e+00,0.000000000000000000e+00,0.000000000000000000e+00,0.000000000000000000e+00,0.000000000000000000e+00,0.000000000000000000e+00,0.000000000000000000e+00,0.000000000000000000e+00,0.000000000000000000e+00,0.000000000000000000e+00,0.000000000000000000e+00,0.000000000000000000e+00,0.000000000000000000e+00,0.000000000000000000e+00
0.000000000000000000e+00,0.000000000000000000e+00,0.000000000000000000e+00,5.627208679406667427e-07,0.000000000000000000e+00,0.000000000000000000e+00,0.000000000000000000e+00,0.000000000000000000e+00,0.000000000000000000e+00,0.000000000000000000e+00,0.000000000000000000e+00,0.000000000000000000e+00,0.000000000000000000e+00,0.000000000000000000e+00,0.000000000000000000e+00,0.000000000000000000e+00,0.000000000000000000e+00,0.000000000000000000e+00,0.000000000000000000e+00,0.000000000000000000e+00,0.000000000000000000e+00,0.000000000000000000e+00,0.000000000000000000e+00,0.000000000000000000e+00
0.000000000000000000e+00,5.627208679406667427e-07,0.000000000000000000e+00,0.000000000000000000e+00,5.627208679406667427e-07,0.000000000000000000e+00,0.000000000000000000e+00,0.000000000000000000e+00,0.000000000000000000e+00,5.627208679406667427e-07,0.000000000000000000e+00,0.000000000000000000e+00,0.000000000000000000e+00,0.000000000000000000e+00,0.000000000000000000e+00,0.000000000000000000e+00,0.000000000000000000e+00,0.000000000000000000e+00,5.627208679406667427e-07,0.000000000000000000e+00,0.000000000000000000e+00,0.000000000000000000e+00,0.000000000000000000e+00,0.000000000000000000e+00
0.000000000000000000e+00,0.000000000000000000e+00,0.000000000000000000e+00,0.000000000000000000e+00,0.000000000000000000e+00,0.000000000000000000e+00,0.000000000000000000e+00,0.000000000000000000e+00,0.000000000000000000e+00,0.000000000000000000e+00,0.000000000000000000e+00,5.627208679406667427e-07,0.000000000000000000e+00,0.000000000000000000e+00,0.000000000000000000e+00,5.627208679406667427e-07,0.000000000000000000e+00,0.000000000000000000e+00,0.000000000000000000e+00,5.627208679406667427e-07,1.688162603822000122e-06,0.000000000000000000e+00,0.000000000000000000e+00,0.000000000000000000e+00
0.000000000000000000e+00,0.000000000000000000e+00,0.000000000000000000e+00,0.000000000000000000e+00,0.000000000000000000e+00,0.000000000000000000e+00,0.000000000000000000e+00,0.000000000000000000e+00,0.000000000000000000e+00,0.000000000000000000e+00,0.000000000000000000e+00,0.000000000000000000e+00,0.000000000000000000e+00,0.000000000000000000e+00,0.000000000000000000e+00,0.000000000000000000e+00,0.000000000000000000e+00,0.000000000000000000e+00,0.000000000000000000e+00,5.627208679406667427e-07,0.000000000000000000e+00,0.000000000000000000e+00,0.000000000000000000e+00,0.000000000000000000e+00
0.000000000000000000e+00,0.000000000000000000e+00,0.000000000000000000e+00,0.000000000000000000e+00,0.000000000000000000e+00,0.000000000000000000e+00,0.000000000000000000e+00,0.000000000000000000e+00,0.000000000000000000e+00,0.000000000000000000e+00,0.000000000000000000e+00,0.000000000000000000e+00,0.000000000000000000e+00,0.000000000000000000e+00,0.000000000000000000e+00,0.000000000000000000e+00,0.000000000000000000e+00,0.000000000000000000e+00,0.000000000000000000e+00,0.000000000000000000e+00,0.000000000000000000e+00,0.000000000000000000e+00,0.000000000000000000e+00,0.000000000000000000e+00
2.813604339703333608e-06,1.688162603822000122e-06,1.688162603822000122e-06,2.250883471762666971e-06,1.688162603822000122e-06,5.627208679406667427e-07,1.125441735881333485e-06,1.125441735881333485e-06,5.627208679406667427e-07,1.125441735881333485e-06,2.813604339703333608e-06,2.250883471762666971e-06,1.688162603822000122e-06,1.125441735881333485e-06,3.376325207644000245e-06,4.501766943525333942e-06,5.627208679406667215e-06,2.813604339703333608e-06,2.813604339703333608e-06,1.688162603822000122e-06,2.813604339703333608e-06,3.376325207644000245e-06,3.376325207644000245e-06,2.813604339703333608e-06
0.000000000000000000e+00,0.000000000000000000e+00,0.000000000000000000e+00,0.000000000000000000e+00,0.000000000000000000e+00,0.000000000000000000e+00,0.000000000000000000e+00,0.000000000000000000e+00,0.000000000000000000e+00,0.000000000000000000e+00,0.000000000000000000e+00,0.000000000000000000e+00,0.000000000000000000e+00,0.000000000000000000e+00,0.000000000000000000e+00,0.000000000000000000e+00,0.000000000000000000e+00,0.000000000000000000e+00,0.000000000000000000e+00,0.000000000000000000e+00,0.000000000000000000e+00,0.000000000000000000e+00,0.000000000000000000e+00,0.000000000000000000e+00
0.000000000000000000e+00,0.000000000000000000e+00,0.000000000000000000e+00,0.000000000000000000e+00,0.000000000000000000e+00,0.000000000000000000e+00,0.000000000000000000e+00,0.000000000000000000e+00,0.000000000000000000e+00,0.000000000000000000e+00,0.000000000000000000e+00,0.000000000000000000e+00,0.000000000000000000e+00,0.000000000000000000e+00,0.000000000000000000e+00,1.125441735881333485e-06,2.250883471762666971e-06,1.125441735881333485e-06,2.250883471762666971e-06,3.376325207644000245e-06,1.688162603822000122e-06,3.939046075584667305e-06,1.125441735881333485e-06,5.627208679406667427e-07
0.000000000000000000e+00,0.000000000000000000e+00,0.000000000000000000e+00,0.000000000000000000e+00,0.000000000000000000e+00,0.000000000000000000e+00,0.000000000000000000e+00,0.000000000000000000e+00,0.000000000000000000e+00,0.000000000000000000e+00,0.000000000000000000e+00,0.000000000000000000e+00,0.000000000000000000e+00,0.000000000000000000e+00,0.000000000000000000e+00,0.000000000000000000e+00,0.000000000000000000e+00,0.000000000000000000e+00,0.000000000000000000e+00,0.000000000000000000e+00,0.000000000000000000e+00,0.000000000000000000e+00,0.000000000000000000e+00,0.000000000000000000e+00
0.000000000000000000e+00,0.000000000000000000e+00,0.000000000000000000e+00,0.000000000000000000e+00,0.000000000000000000e+00,0.000000000000000000e+00,0.000000000000000000e+00,0.000000000000000000e+00,0.000000000000000000e+00,0.000000000000000000e+00,0.000000000000000000e+00,0.000000000000000000e+00,0.000000000000000000e+00,0.000000000000000000e+00,0.000000000000000000e+00,0.000000000000000000e+00,0.000000000000000000e+00,0.000000000000000000e+00,0.000000000000000000e+00,0.000000000000000000e+00,0.000000000000000000e+00,0.000000000000000000e+00,0.000000000000000000e+00,0.000000000000000000e+00
1.125441735881333485e-06,1.688162603822000122e-06,1.125441735881333485e-06,5.627208679406667427e-07,5.627208679406667427e-07,4.501766943525333942e-06,0.000000000000000000e+00,5.627208679406667427e-07,5.627208679406667427e-07,5.627208679406667427e-07,2.813604339703333608e-06,0.000000000000000000e+00,2.250883471762666971e-06,1.125441735881333485e-06,1.125441735881333485e-06,1.688162603822000122e-06,5.627208679406667427e-07,1.688162603822000122e-06,1.688162603822000122e-06,2.250883471762666971e-06,0.000000000000000000e+00,2.250883471762666971e-06,3.376325207644000245e-06,5.627208679406667427e-07
0.000000000000000000e+00,0.000000000000000000e+00,0.000000000000000000e+00,0.000000000000000000e+00,0.000000000000000000e+00,0.000000000000000000e+00,0.000000000000000000e+00,0.000000000000000000e+00,0.000000000000000000e+00,0.000000000000000000e+00,0.000000000000000000e+00,0.000000000000000000e+00,0.000000000000000000e+00,0.000000000000000000e+00,0.000000000000000000e+00,0.000000000000000000e+00,0.000000000000000000e+00,0.000000000000000000e+00,0.000000000000000000e+00,0.000000000000000000e+00,0.000000000000000000e+00,0.000000000000000000e+00,0.000000000000000000e+00,0.000000000000000000e+00
0.000000000000000000e+00,0.000000000000000000e+00,0.000000000000000000e+00,0.000000000000000000e+00,0.000000000000000000e+00,0.000000000000000000e+00,0.000000000000000000e+00,0.000000000000000000e+00,0.000000000000000000e+00,0.000000000000000000e+00,0.000000000000000000e+00,0.000000000000000000e+00,0.000000000000000000e+00,0.000000000000000000e+00,0.000000000000000000e+00,0.000000000000000000e+00,0.000000000000000000e+00,0.000000000000000000e+00,0.000000000000000000e+00,5.627208679406667427e-07,0.000000000000000000e+00,0.000000000000000000e+00,0.000000000000000000e+00,0.000000000000000000e+00
0.000000000000000000e+00,0.000000000000000000e+00,0.000000000000000000e+00,0.000000000000000000e+00,0.000000000000000000e+00,0.000000000000000000e+00,0.000000000000000000e+00,0.000000000000000000e+00,0.000000000000000000e+00,0.000000000000000000e+00,0.000000000000000000e+00,0.000000000000000000e+00,0.000000000000000000e+00,0.000000000000000000e+00,0.000000000000000000e+00,0.000000000000000000e+00,0.000000000000000000e+00,0.000000000000000000e+00,0.000000000000000000e+00,0.000000000000000000e+00,0.000000000000000000e+00,0.000000000000000000e+00,0.000000000000000000e+00,0.000000000000000000e+00
1.631890517027933586e-05,1.406802169851666762e-05,1.069169649087266779e-05,4.501766943525333942e-06,9.003533887050667884e-06,7.315371283228667126e-06,1.519346343439800089e-05,1.631890517027933586e-05,1.575618430233866922e-05,2.532243905733000205e-05,2.307155558556733550e-05,1.969523037792333568e-05,1.856978864204200240e-05,2.982420600085533514e-05,2.926148513291466850e-05,2.869876426497400187e-05,3.488869381232133826e-05,3.320053120849933496e-05,3.826501901996533808e-05,7.934364237963401274e-05,9.172350147432867197e-05,5.683480766200734049e-05,2.701060166115200196e-05,1.631890517027933586e-05
2.813604339703333608e-06,5.627208679406667427e-07,1.688162603822000122e-06,1.125441735881333485e-06,1.125441735881333485e-06,1.631890517027933586e-05,1.688162603822000122e-06,1.125441735881333485e-06,1.125441735881333485e-06,1.125441735881333485e-06,1.688162603822000122e-06,2.250883471762666971e-06,2.250883471762666971e-06,2.250883471762666971e-06,3.939046075584667305e-06,5.064487811466000579e-06,2.250883471762666971e-06,7.315371283228667126e-06,5.064487811466000579e-06,6.752650415288000489e-06,3.376325207644000245e-06,5.627208679406667215e-06,5.064487811466000579e-06,5.627208679406667215e-06
2.250883471762666971e-06,1.125441735881333485e-06,2.250883471762666971e-06,2.250883471762666971e-06,1.125441735881333485e-06,2.813604339703333608e-06,1.125441735881333485e-06,5.627208679406667427e-07,2.250883471762666971e-06,1.800706777410133577e-05,2.138339298174533559e-05,7.315371283228667126e-06,1.237985909469466770e-05,1.181713822675400107e-05,1.406802169851666762e-05,1.350530083057600098e-05,1.800706777410133577e-05,3.939046075584667305e-06,3.939046075584667305e-06,5.627208679406667427e-07,4.501766943525333942e-06,0.000000000000000000e+00,5.627208679406667427e-07,1.125441735881333485e-06
5.627208679406667427e-07,2.250883471762666971e-06,5.627208679406667427e-07,0.000000000000000000e+00,1.125441735881333485e-06,5.627208679406667427e-07,5.627208679406667427e-07,0.000000000000000000e+00,0.000000000000000000e+00,1.125441735881333485e-06,2.813604339703333608e-06,1.688162603822000122e-06,1.125441735881333485e-06,5.627208679406667215e-06,5.064487811466000579e-06,2.250883471762666971e-06,3.939046075584667305e-06,3.376325207644000245e-06,2.813604339703333608e-06,3.376325207644000245e-06,2.813604339703333608e-06,2.250883471762666971e-06,3.376325207644000245e-06,2.813604339703333608e-06
1.148468273797465522e-01,1.112167150606613031e-01,9.275215522092421228e-02,7.096754226033717694e-02,5.780268755486528409e-02,4.051815337519976828e-02,2.360726585184684881e-02,2.429265986899858260e-02,3.353647556665991653e-02,3.789756229320007802e-02,3.761563913836180745e-02,3.786154815765187948e-02,3.894703671190942462e-02,3.986370900578477261e-02,4.327379746550521350e-02,4.670583203907533593e-02,4.985988250388277698e-02,5.354514146802619862e-02,6.335843068404348188e-02,7.191854052715690448e-02,7.793177572197086678e-02,8.525446237648276471e-02,9.410155986224592872e-02,1.060396830756071690e-01
2.813604339703333608e-06,3.939046075584667305e-06,1.125441735881333485e-06,0.000000000000000000e+00,0.000000000000000000e+00,5.627208679406667427e-07,5.627208679406667427e-07,1.688162603822000122e-06,5.627208679406667427e-07,5.627208679406667427e-07,5.627208679406667427e-07,0.000000000000000000e+00,2.250883471762666971e-06,1.688162603822000122e-06,2.250883471762666971e-06,0.000000000000000000e+00,2.250883471762666971e-06,2.250883471762666971e-06,5.627208679406667215e-06,1.688162603822000122e-06,1.688162603822000122e-06,3.376325207644000245e-06,1.125441735881333485e-06,1.125441735881333485e-06
0.000000000000000000e+00,0.000000000000000000e+00,0.000000000000000000e+00,0.000000000000000000e+00,0.000000000000000000e+00,0.000000000000000000e+00,0.000000000000000000e+00,0.000000000000000000e+00,0.000000000000000000e+00,0.000000000000000000e+00,0.000000000000000000e+00,0.000000000000000000e+00,0.000000000000000000e+00,0.000000000000000000e+00,0.000000000000000000e+00,0.000000000000000000e+00,0.000000000000000000e+00,0.000000000000000000e+00,0.000000000000000000e+00,0.000000000000000000e+00,0.000000000000000000e+00,0.000000000000000000e+00,0.000000000000000000e+00,0.000000000000000000e+00
0.000000000000000000e+00,0.000000000000000000e+00,0.000000000000000000e+00,0.000000000000000000e+00,0.000000000000000000e+00,0.000000000000000000e+00,0.000000000000000000e+00,0.000000000000000000e+00,0.000000000000000000e+00,0.000000000000000000e+00,0.000000000000000000e+00,0.000000000000000000e+00,0.000000000000000000e+00,0.000000000000000000e+00,0.000000000000000000e+00,0.000000000000000000e+00,0.000000000000000000e+00,0.000000000000000000e+00,0.000000000000000000e+00,0.000000000000000000e+00,0.000000000000000000e+00,0.000000000000000000e+00,0.000000000000000000e+00,0.000000000000000000e+00
5.627208679406667427e-07,0.000000000000000000e+00,5.627208679406667427e-07,0.000000000000000000e+00,0.000000000000000000e+00,0.000000000000000000e+00,0.000000000000000000e+00,0.000000000000000000e+00,5.627208679406667427e-07,0.000000000000000000e+00,0.000000000000000000e+00,0.000000000000000000e+00,5.627208679406667427e-07,5.627208679406667427e-07,0.000000000000000000e+00,0.000000000000000000e+00,5.627208679406667427e-07,0.000000000000000000e+00,0.000000000000000000e+00,0.000000000000000000e+00,0.000000000000000000e+00,0.000000000000000000e+00,0.000000000000000000e+00,0.000000000000000000e+00
0.000000000000000000e+00,0.000000000000000000e+00,0.000000000000000000e+00,0.000000000000000000e+00,0.000000000000000000e+00,0.000000000000000000e+00,0.000000000000000000e+00,0.000000000000000000e+00,0.000000000000000000e+00,0.000000000000000000e+00,0.000000000000000000e+00,0.000000000000000000e+00,0.000000000000000000e+00,0.000000000000000000e+00,0.000000000000000000e+00,0.000000000000000000e+00,0.000000000000000000e+00,0.000000000000000000e+00,0.000000000000000000e+00,0.000000000000000000e+00,0.000000000000000000e+00,0.000000000000000000e+00,0.000000000000000000e+00,0.000000000000000000e+00
5.155648592072388167e-03,4.244040786008508419e-03,3.055574312917820265e-03,2.075877281833119620e-03,1.681972674274652716e-03,1.522159947779503459e-03,1.203097215657145331e-03,1.276250928489432081e-03,1.333085736151439415e-03,1.509217367816868089e-03,1.680847232538771512e-03,1.784950593107794857e-03,1.849663492920971489e-03,2.098948837418686698e-03,2.423638778220451716e-03,2.997614063519931510e-03,3.450041641344227770e-03,3.668377338105206168e-03,4.034708623134580091e-03,4.627253697076102144e-03,4.667769599567830711e-03,4.904112364102910550e-03,5.072365903617169491e-03,5.304769622076665331e-03
0.000000000000000000e+00,0.000000000000000000e+00,0.000000000000000000e+00,0.000000000000000000e+00,0.000000000000000000e+00,0.000000000000000000e+00,0.000000000000000000e+00,0.000000000000000000e+00,0.000000000000000000e+00,0.000000000000000000e+00,0.000000000000000000e+00,0.000000000000000000e+00,0.000000000000000000e+00,0.000000000000000000e+00,0.000000000000000000e+00,0.000000000000000000e+00,0.000000000000000000e+00,0.000000000000000000e+00,0.000000000000000000e+00,0.000000000000000000e+00,0.000000000000000000e+00,0.000000000000000000e+00,0.000000000000000000e+00,0.000000000000000000e+00
8.547729984018727399e-04,7.501069169649086845e-04,5.407747540909806820e-04,3.944673284264073429e-04,2.937402930650280454e-04,2.611024827244693737e-04,2.757332252909267130e-04,2.774213878947486825e-04,2.487226236297746603e-04,2.470344610259526908e-04,2.346546019312580316e-04,2.791095504985707061e-04,2.689805748756386727e-04,3.612667972179080147e-04,3.826501901996533402e-04,4.366713935219573915e-04,4.501766943525333637e-04,4.839399464289733483e-04,4.400477187296013845e-04,5.621581470727260617e-04,5.824160983185900200e-04,6.324982555653093676e-04,6.988993179823080239e-04,8.001890742116280321e-04
0.000000000000000000e+00,0.000000000000000000e+00,0.000000000000000000e+00,0.000000000000000000e+00,0.000000000000000000e+00,0.000000000000000000e+00,0.000000000000000000e+00,0.000000000000000000e+00,0.000000000000000000e+00,0.000000000000000000e+00,0.000000000000000000e+00,0.000000000000000000e+00,0.000000000000000000e+00,0.000000000000000000e+00,0.000000000000000000e+00,0.000000000000000000e+00,0.000000000000000000e+00,0.000000000000000000e+00,0.000000000000000000e+00,0.000000000000000000e+00,0.000000000000000000e+00,0.000000000000000000e+00,0.000000000000000000e+00,0.000000000000000000e+00
0.000000000000000000e+00,0.000000000000000000e+00,0.000000000000000000e+00,0.000000000000000000e+00,0.000000000000000000e+00,0.000000000000000000e+00,0.000000000000000000e+00,0.000000000000000000e+00,0.000000000000000000e+00,0.000000000000000000e+00,0.000000000000000000e+00,0.000000000000000000e+00,0.000000000000000000e+00,0.000000000000000000e+00,0.000000000000000000e+00,0.000000000000000000e+00,0.000000000000000000e+00,0.000000000000000000e+00,0.000000000000000000e+00,0.000000000000000000e+00,0.000000000000000000e+00,0.000000000000000000e+00,0.000000000000000000e+00,0.000000000000000000e+00
2.982420600085533514e-05,3.207508947261800169e-05,4.051590249172800463e-05,2.644788079321133532e-05,2.307155558556733550e-05,1.519346343439800089e-05,1.069169649087266779e-05,9.003533887050667884e-06,1.688162603822000122e-06,7.315371283228667126e-06,9.003533887050667884e-06,3.939046075584667305e-06,8.440813019110001247e-06,6.752650415288000489e-06,2.025795124586400231e-05,9.003533887050667884e-06,1.519346343439800089e-05,1.688162603822000249e-05,1.237985909469466770e-05,1.181713822675400107e-05,1.406802169851666762e-05,1.069169649087266779e-05,1.688162603822000249e-05,2.475971818938933541e-05
3.376325207644000245e-06,6.752650415288000489e-06,3.939046075584667305e-06,1.125441735881333485e-06,2.813604339703333608e-06,5.627208679406667427e-07,1.125441735881333485e-06,5.627208679406667427e-07,1.125441735881333485e-06,2.250883471762666971e-06,1.125441735881333485e-06,1.688162603822000122e-06,1.688162603822000122e-06,1.688162603822000122e-06,3.939046075584667305e-06,3.939046075584667305e-06,4.501766943525333942e-06,3.376325207644000245e-06,7.878092151169334610e-06,1.181713822675400107e-05,6.189929547347333852e-06,3.939046075584667305e-06,8.440813019110001247e-06,3.376325207644000245e-06
5.458392419024467394e-05,4.726855290701600427e-05,2.869876426497400187e-05,2.532243905733000205e-05,1.913250950998266904e-05,1.406802169851666762e-05,8.440813019110001247e-06,6.752650415288000489e-06,6.752650415288000489e-06,1.463074256645733425e-05,5.064487811466000579e-06,8.440813019110001247e-06,1.237985909469466770e-05,1.913250950998266904e-05,1.856978864204200240e-05,2.588515992527066868e-05,2.588515992527066868e-05,2.475971818938933541e-05,3.882773988790600133e-05,5.120759898260067412e-05,4.389222769937200445e-05,5.458392419024467394e-05,6.358745807729533335e-05,5.739752852994800373e-05
4.565917122470569342e-03,2.092196187003399037e-03,1.246989443356517511e-03,1.549170549440655404e-03,6.178112409120579789e-03,2.344463952101199719e-02,4.006347491390370441e-02,4.517635672001260594e-02,3.432822382785243043e-02,3.072287122695658082e-02,3.012526166520359400e-02,2.698471650122673260e-02,3.200418664325747897e-02,3.768485380511851085e-02,4.530634524050689699e-02,5.521642244580998032e-02,5.879307628244085510e-02,5.236455308708667933e-02,4.605363855313210353e-02,4.423211110360816822e-02,3.233731739707835368e-02,1.906329484322596621e-02,1.219753753348189196e-02,7.427352735948859926e-03
0.000000000000000000e+00,0.000000000000000000e+00,0.000000000000000000e+00,0.000000000000000000e+00,0.000000000000000000e+00,1.688162603822000122e-06,0.000000000000000000e+00,0.000000000000000000e+00,0.000000000000000000e+00,0.000000000000000000e+00,0.000000000000000000e+00,1.125441735881333485e-06,5.627208679406667427e-07,5.627208679406667427e-07,0.000000000000000000e+00,0.000000000000000000e+00,0.000000000000000000e+00,5.627208679406667427e-07,0.000000000000000000e+00,0.000000000000000000e+00,0.000000000000000000e+00,0.000000000000000000e+00,0.000000000000000000e+00,0.000000000000000000e+00
0.000000000000000000e+00,0.000000000000000000e+00,0.000000000000000000e+00,0.000000000000000000e+00,0.000000000000000000e+00,0.000000000000000000e+00,0.000000000000000000e+00,0.000000000000000000e+00,0.000000000000000000e+00,0.000000000000000000e+00,0.000000000000000000e+00,0.000000000000000000e+00,0.000000000000000000e+00,0.000000000000000000e+00,0.000000000000000000e+00,0.000000000000000000e+00,0.000000000000000000e+00,0.000000000000000000e+00,0.000000000000000000e+00,0.000000000000000000e+00,0.000000000000000000e+00,0.000000000000000000e+00,0.000000000000000000e+00,0.000000000000000000e+00
0.000000000000000000e+00,0.000000000000000000e+00,0.000000000000000000e+00,0.000000000000000000e+00,0.000000000000000000e+00,0.000000000000000000e+00,0.000000000000000000e+00,0.000000000000000000e+00,0.000000000000000000e+00,0.000000000000000000e+00,0.000000000000000000e+00,0.000000000000000000e+00,0.000000000000000000e+00,0.000000000000000000e+00,0.000000000000000000e+00,0.000000000000000000e+00,0.000000000000000000e+00,2.250883471762666971e-06,1.125441735881333485e-06,0.000000000000000000e+00,1.125441735881333485e-06,1.125441735881333485e-06,1.688162603822000122e-06,5.627208679406667427e-07
0.000000000000000000e+00,0.000000000000000000e+00,5.627208679406667427e-07,0.000000000000000000e+00,0.000000000000000000e+00,0.000000000000000000e+00,0.000000000000000000e+00,0.000000000000000000e+00,0.000000000000000000e+00,0.000000000000000000e+00,0.000000000000000000e+00,0.000000000000000000e+00,0.000000000000000000e+00,0.000000000000000000e+00,0.000000000000000000e+00,0.000000000000000000e+00,0.000000000000000000e+00,0.000000000000000000e+00,0.000000000000000000e+00,0.000000000000000000e+00,0.000000000000000000e+00,0.000000000000000000e+00,0.000000000000000000e+00,0.000000000000000000e+00
0.000000000000000000e+00,0.000000000000000000e+00,0.000000000000000000e+00,0.000000000000000000e+00,0.000000000000000000e+00,0.000000000000000000e+00,0.000000000000000000e+00,2.250883471762666971e-06,0.000000000000000000e+00,0.000000000000000000e+00,5.627208679406667427e-07,5.627208679406667427e-07,0.000000000000000000e+00,0.000000000000000000e+00,0.000000000000000000e+00,5.627208679406667427e-07,0.000000000000000000e+00,0.000000000000000000e+00,0.000000000000000000e+00,0.000000000000000000e+00,0.000000000000000000e+00,0.000000000000000000e+00,0.000000000000000000e+00,0.000000000000000000e+00
0.000000000000000000e+00,0.000000000000000000e+00,0.000000000000000000e+00,0.000000000000000000e+00,0.000000000000000000e+00,0.000000000000000000e+00,0.000000000000000000e+00,0.000000000000000000e+00,0.000000000000000000e+00,0.000000000000000000e+00,0.000000000000000000e+00,0.000000000000000000e+00,0.000000000000000000e+00,0.000000000000000000e+00,0.000000000000000000e+00,0.000000000000000000e+00,0.000000000000000000e+00,0.000000000000000000e+00,0.000000000000000000e+00,0.000000000000000000e+00,0.000000000000000000e+00,0.000000000000000000e+00,0.000000000000000000e+00,0.000000000000000000e+00
0.000000000000000000e+00,0.000000000000000000e+00,0.000000000000000000e+00,0.000000000000000000e+00,0.000000000000000000e+00,0.000000000000000000e+00,0.000000000000000000e+00,0.000000000000000000e+00,0.000000000000000000e+00,0.000000000000000000e+00,0.000000000000000000e+00,0.000000000000000000e+00,0.000000000000000000e+00,0.000000000000000000e+00,0.000000000000000000e+00,0.000000000000000000e+00,0.000000000000000000e+00,0.000000000000000000e+00,0.000000000000000000e+00,0.000000000000000000e+00,0.000000000000000000e+00,0.000000000000000000e+00,0.000000000000000000e+00,0.000000000000000000e+00
3.939046075584667305e-06,3.376325207644000245e-06,3.376325207644000245e-06,1.688162603822000122e-06,1.125441735881333485e-06,1.125441735881333485e-06,5.627208679406667427e-07,5.627208679406667427e-07,1.688162603822000122e-06,1.688162603822000122e-06,5.627208679406667427e-07,5.627208679406667427e-07,5.627208679406667427e-07,1.125441735881333485e-06,2.250883471762666971e-06,2.250883471762666971e-06,2.813604339703333608e-06,5.627208679406667427e-07,1.688162603822000122e-06,1.688162603822000122e-06,1.125441735881333485e-06,1.125441735881333485e-06,1.688162603822000122e-06,2.250883471762666971e-06
0.000000000000000000e+00,0.000000000000000000e+00,0.000000000000000000e+00,0.000000000000000000e+00,0.000000000000000000e+00,0.000000000000000000e+00,0.000000000000000000e+00,0.000000000000000000e+00,0.000000000000000000e+00,0.000000000000000000e+00,0.000000000000000000e+00,0.000000000000000000e+00,0.000000000000000000e+00,0.000000000000000000e+00,0.000000000000000000e+00,0.000000000000000000e+00,0.000000000000000000e+00,0.000000000000000000e+00,0.000000000000000000e+00,0.000000000000000000e+00,0.000000000000000000e+00,0.000000000000000000e+00,0.000000000000000000e+00,0.000000000000000000e+00
0.000000000000000000e+00,0.000000000000000000e+00,0.000000000000000000e+00,0.000000000000000000e+00,0.000000000000000000e+00,0.000000000000000000e+00,0.000000000000000000e+00,0.000000000000000000e+00,0.000000000000000000e+00,0.000000000000000000e+00,0.000000000000000000e+00,0.000000000000000000e+00,0.000000000000000000e+00,0.000000000000000000e+00,0.000000000000000000e+00,0.000000000000000000e+00,0.000000000000000000e+00,0.000000000000000000e+00,0.000000000000000000e+00,0.000000000000000000e+00,0.000000000000000000e+00,0.000000000000000000e+00,0.000000000000000000e+00,0.000000000000000000e+00
5.627208679406667427e-07,0.000000000000000000e+00,0.000000000000000000e+00,0.000000000000000000e+00,0.000000000000000000e+00,5.627208679406667427e-07,0.000000000000000000e+00,0.000000000000000000e+00,5.627208679406667427e-07,0.000000000000000000e+00,0.000000000000000000e+00,5.627208679406667427e-07,0.000000000000000000e+00,0.000000000000000000e+00,0.000000000000000000e+00,0.000000000000000000e+00,0.000000000000000000e+00,0.000000000000000000e+00,5.627208679406667427e-07,0.000000000000000000e+00,0.000000000000000000e+00,0.000000000000000000e+00,1.125441735881333485e-06,0.000000000000000000e+00
0.000000000000000000e+00,0.000000000000000000e+00,0.000000000000000000e+00,0.000000000000000000e+00,0.000000000000000000e+00,0.000000000000000000e+00,0.000000000000000000e+00,0.000000000000000000e+00,0.000000000000000000e+00,0.000000000000000000e+00,0.000000000000000000e+00,0.000000000000000000e+00,0.000000000000000000e+00,0.000000000000000000e+00,0.000000000000000000e+00,0.000000000000000000e+00,0.000000000000000000e+00,0.000000000000000000e+00,0.000000000000000000e+00,0.000000000000000000e+00,0.000000000000000000e+00,0.000000000000000000e+00,0.000000000000000000e+00,0.000000000000000000e+00
5.627208679406667427e-07,1.125441735881333485e-06,0.000000000000000000e+00,1.125441735881333485e-06,5.627208679406667427e-07,0.000000000000000000e+00,0.000000000000000000e+00,0.000000000000000000e+00,0.000000000000000000e+00,0.000000000000000000e+00,0.000000000000000000e+00,0.000000000000000000e+00,0.000000000000000000e+00,0.000000000000000000e+00,0.000000000000000000e+00,0.000000000000000000e+00,0.000000000000000000e+00,0.000000000000000000e+00,0.000000000000000000e+00,5.627208679406667427e-07,0.000000000000000000e+00,0.000000000000000000e+00,5.627208679406667427e-07,0.000000000000000000e+00
0.000000000000000000e+00,0.000000000000000000e+00,0.000000000000000000e+00,0.000000000000000000e+00,0.000000000000000000e+00,0.000000000000000000e+00,0.000000000000000000e+00,0.000000000000000000e+00,0.000000000000000000e+00,0.000000000000000000e+00,0.000000000000000000e+00,0.000000000000000000e+00,0.000000000000000000e+00,0.000000000000000000e+00,0.000000000000000000e+00,0.000000000000000000e+00,0.000000000000000000e+00,0.000000000000000000e+00,0.000000000000000000e+00,0.000000000000000000e+00,0.000000000000000000e+00,0.000000000000000000e+00,0.000000000000000000e+00,0.000000000000000000e+00
5.627208679406667427e-07,5.627208679406667427e-07,0.000000000000000000e+00,0.000000000000000000e+00,0.000000000000000000e+00,0.000000000000000000e+00,0.000000000000000000e+00,0.000000000000000000e+00,0.000000000000000000e+00,0.000000000000000000e+00,5.627208679406667427e-07,0.000000000000000000e+00,0.000000000000000000e+00,5.627208679406667427e-07,5.627208679406667427e-07,5.627208679406667427e-07,0.000000000000000000e+00,0.000000000000000000e+00,0.000000000000000000e+00,5.627208679406667427e-07,0.000000000000000000e+00,0.000000000000000000e+00,5.627208679406667427e-07,5.627208679406667427e-07
3.939046075584667305e-06,1.688162603822000122e-06,1.688162603822000122e-06,2.250883471762666971e-06,1.688162603822000122e-06,2.250883471762666971e-06,3.376325207644000245e-06,1.688162603822000122e-06,2.813604339703333608e-06,7.878092151169334610e-06,9.566254754991334520e-06,1.350530083057600098e-05,1.856978864204200240e-05,1.800706777410133577e-05,2.194611384968600222e-05,2.757332252909266859e-05,1.744434690616066913e-05,1.237985909469466770e-05,6.752650415288000489e-06,7.878092151169334610e-06,5.627208679406667215e-06,3.376325207644000245e-06,3.376325207644000245e-06,3.939046075584667305e-06
0.000000000000000000e+00,0.000000000000000000e+00,0.000000000000000000e+00,0.000000000000000000e+00,5.627208679406667427e-07,0.000000000000000000e+00,0.000000000000000000e+00,0.000000000000000000e+00,0.000000000000000000e+00,5.627208679406667427e-07,5.627208679406667427e-07,0.000000000000000000e+00,5.627208679406667427e-07,0.000000000000000000e+00,0.000000000000000000e+00,5.627208679406667427e-07,0.000000000000000000e+00,0.000000000000000000e+00,0.000000000000000000e+00,5.627208679406667427e-07,0.000000000000000000e+00,0.000000000000000000e+00,0.000000000000000000e+00,1.125441735881333485e-06
0.000000000000000000e+00,0.000000000000000000e+00,0.000000000000000000e+00,0.000000000000000000e+00,0.000000000000000000e+00,0.000000000000000000e+00,0.000000000000000000e+00,0.000000000000000000e+00,0.000000000000000000e+00,0.000000000000000000e+00,0.000000000000000000e+00,0.000000000000000000e+00,0.000000000000000000e+00,0.000000000000000000e+00,0.000000000000000000e+00,0.000000000000000000e+00,0.000000000000000000e+00,0.000000000000000000e+00,0.000000000000000000e+00,0.000000000000000000e+00,0.000000000000000000e+00,0.000000000000000000e+00,0.000000000000000000e+00,0.000000000000000000e+00
7.197199900961126929e-04,6.724514371890966818e-04,5.812906565827087070e-04,4.344205100501947114e-04,3.134355234429513472e-04,2.633533661962319996e-04,1.513719134760393558e-04,1.930132577036486937e-04,1.800706777410133509e-04,2.053931167983433529e-04,2.160848132892160157e-04,2.076440002701060059e-04,1.862606072883606805e-04,1.840097238165980275e-04,1.856978864204200240e-04,2.346546019312580316e-04,2.222747428365633453e-04,1.901996533639453571e-04,2.228374637045040288e-04,2.537871114412406769e-04,3.528259841987980050e-04,4.721228082022193456e-04,5.801652148468273941e-04,6.443153937920634245e-04
0.000000000000000000e+00,0.000000000000000000e+00,0.000000000000000000e+00,0.000000000000000000e+00,0.000000000000000000e+00,0.000000000000000000e+00,0.000000000000000000e+00,0.000000000000000000e+00,0.000000000000000000e+00,0.000000000000000000e+00,0.000000000000000000e+00,0.000000000000000000e+00,0.000000000000000000e+00,0.000000000000000000e+00,0.000000000000000000e+00,0.000000000000000000e+00,0.000000000000000000e+00,0.000000000000000000e+00,0.000000000000000000e+00,0.000000000000000000e+00,0.000000000000000000e+00,0.000000000000000000e+00,0.000000000000000000e+00,0.000000000000000000e+00
0.000000000000000000e+00,0.000000000000000000e+00,0.000000000000000000e+00,0.000000000000000000e+00,0.000000000000000000e+00,0.000000000000000000e+00,0.000000000000000000e+00,0.000000000000000000e+00,0.000000000000000000e+00,0.000000000000000000e+00,0.000000000000000000e+00,0.000000000000000000e+00,0.000000000000000000e+00,0.000000000000000000e+00,0.000000000000000000e+00,0.000000000000000000e+00,0.000000000000000000e+00,0.000000000000000000e+00,0.000000000000000000e+00,0.000000000000000000e+00,0.000000000000000000e+00,0.000000000000000000e+00,0.000000000000000000e+00,0.000000000000000000e+00
6.544443694149953495e-04,5.705989600918360714e-04,4.209152092196186850e-04,3.770229815202467212e-04,2.954284556688500148e-04,1.823215612127760039e-04,1.305512413622346869e-04,1.395547752492853530e-04,1.249240326828280137e-04,1.530600760798613523e-04,1.530600760798613523e-04,1.519346343439800123e-04,1.553109595516240053e-04,1.637517725707340150e-04,1.789452360051320108e-04,1.840097238165980275e-04,1.997659081189366798e-04,2.031422333265806728e-04,2.177729758930380122e-04,2.678551331397573598e-04,3.449478920476287060e-04,4.901298759763207322e-04,6.336236973011906805e-04,7.045265266617146971e-04
0.000000000000000000e+00,0.000000000000000000e+00,0.000000000000000000e+00,0.000000000000000000e+00,0.000000000000000000e+00,0.000000000000000000e+00,0.000000000000000000e+00,0.000000000000000000e+00,0.000000000000000000e+00,0.000000000000000000e+00,0.000000000000000000e+00,0.000000000000000000e+00,0.000000000000000000e+00,0.000000000000000000e+00,0.000000000000000000e+00,0.000000000000000000e+00,0.000000000000000000e+00,0.000000000000000000e+00,0.000000000000000000e+00,0.000000000000000000e+00,0.000000000000000000e+00,0.000000000000000000e+00,0.000000000000000000e+00,0.000000000000000000e+00
0.000000000000000000e+00,0.000000000000000000e+00,0.000000000000000000e+00,0.000000000000000000e+00,0.000000000000000000e+00,0.000000000000000000e+00,0.000000000000000000e+00,0.000000000000000000e+00,0.000000000000000000e+00,0.000000000000000000e+00,0.000000000000000000e+00,0.000000000000000000e+00,0.000000000000000000e+00,0.000000000000000000e+00,0.000000000000000000e+00,0.000000000000000000e+00,0.000000000000000000e+00,0.000000000000000000e+00,0.000000000000000000e+00,0.000000000000000000e+00,0.000000000000000000e+00,0.000000000000000000e+00,0.000000000000000000e+00,0.000000000000000000e+00
0.000000000000000000e+00,0.000000000000000000e+00,0.000000000000000000e+00,0.000000000000000000e+00,0.000000000000000000e+00,0.000000000000000000e+00,0.000000000000000000e+00,0.000000000000000000e+00,0.000000000000000000e+00,0.000000000000000000e+00,0.000000000000000000e+00,0.000000000000000000e+00,0.000000000000000000e+00,0.000000000000000000e+00,0.000000000000000000e+00,0.000000000000000000e+00,0.000000000000000000e+00,0.000000000000000000e+00,0.000000000000000000e+00,0.000000000000000000e+00,0.000000000000000000e+00,0.000000000000000000e+00,0.000000000000000000e+00,0.000000000000000000e+00
0.000000000000000000e+00,0.000000000000000000e+00,0.000000000000000000e+00,0.000000000000000000e+00,0.000000000000000000e+00,0.000000000000000000e+00,0.000000000000000000e+00,0.000000000000000000e+00,0.000000000000000000e+00,0.000000000000000000e+00,0.000000000000000000e+00,0.000000000000000000e+00,0.000000000000000000e+00,0.000000000000000000e+00,0.000000000000000000e+00,0.000000000000000000e+00,0.000000000000000000e+00,0.000000000000000000e+00,0.000000000000000000e+00,0.000000000000000000e+00,0.000000000000000000e+00,0.000000000000000000e+00,0.000000000000000000e+00,0.000000000000000000e+00
0.000000000000000000e+00,0.000000000000000000e+00,0.000000000000000000e+00,0.000000000000000000e+00,0.000000000000000000e+00,0.000000000000000000e+00,0.000000000000000000e+00,0.000000000000000000e+00,0.000000000000000000e+00,0.000000000000000000e+00,0.000000000000000000e+00,0.000000000000000000e+00,0.000000000000000000e+00,0.000000000000000000e+00,0.000000000000000000e+00,0.000000000000000000e+00,0.000000000000000000e+00,0.000000000000000000e+00,0.000000000000000000e+00,0.000000000000000000e+00,0.000000000000000000e+00,0.000000000000000000e+00,0.000000000000000000e+00,0.000000000000000000e+00
3.196254529902986768e-04,3.207508947261800440e-04,2.239629054403853418e-04,1.840097238165980275e-04,1.418056587210480060e-04,8.046908411551533923e-05,5.458392419024467394e-05,3.601413554820267153e-05,3.432597294438066824e-05,4.051590249172800463e-05,5.008215724671933407e-05,5.683480766200734049e-05,4.445494856731266770e-05,5.514664505818533719e-05,4.895671551083800079e-05,6.696378328493933995e-05,6.471289981317667340e-05,6.302473720935467688e-05,9.791343102167600159e-05,1.136696153240146810e-04,1.344902874378193364e-04,2.115830463456906826e-04,2.988047808764940079e-04,3.010556643482566880e-04
5.627208679406667427e-07,5.627208679406667427e-07,0.000000000000000000e+00,0.000000000000000000e+00,5.627208679406667427e-07,5.627208679406667427e-07,0.000000000000000000e+00,0.000000000000000000e+00,0.000000000000000000e+00,5.627208679406667427e-07,0.000000000000000000e+00,0.000000000000000000e+00,0.000000000000000000e+00,0.000000000000000000e+00,0.000000000000000000e+00,0.000000000000000000e+00,0.000000000000000000e+00,0.000000000000000000e+00,5.627208679406667427e-07,0.000000000000000000e+00,0.000000000000000000e+00,0.000000000000000000e+00,5.627208679406667427e-07,0.000000000000000000e+00
0.000000000000000000e+00,0.000000000000000000e+00,0.000000000000000000e+00,0.000000000000000000e+00,0.000000000000000000e+00,0.000000000000000000e+00,0.000000000000000000e+00,0.000000000000000000e+00,0.000000000000000000e+00,0.000000000000000000e+00,0.000000000000000000e+00,0.000000000000000000e+00,0.000000000000000000e+00,0.000000000000000000e+00,0.000000000000000000e+00,0.000000000000000000e+00,0.000000000000000000e+00,0.000000000000000000e+00,0.000000000000000000e+00,0.000000000000000000e+00,0.000000000000000000e+00,0.000000000000000000e+00,0.000000000000000000e+00,0.000000000000000000e+00
0.000000000000000000e+00,0.000000000000000000e+00,0.000000000000000000e+00,0.000000000000000000e+00,0.000000000000000000e+00,0.000000000000000000e+00,0.000000000000000000e+00,0.000000000000000000e+00,0.000000000000000000e+00,0.000000000000000000e+00,0.000000000000000000e+00,0.000000000000000000e+00,0.000000000000000000e+00,0.000000000000000000e+00,0.000000000000000000e+00,0.000000000000000000e+00,0.000000000000000000e+00,0.000000000000000000e+00,0.000000000000000000e+00,0.000000000000000000e+00,0.000000000000000000e+00,0.000000000000000000e+00,0.000000000000000000e+00,0.000000000000000000e+00
1.294257996263533434e-05,1.125441735881333443e-05,1.069169649087266779e-05,5.064487811466000579e-06,2.250883471762666971e-06,6.752650415288000489e-06,2.813604339703333608e-06,6.752650415288000489e-06,6.752650415288000489e-06,9.003533887050667884e-06,7.315371283228667126e-06,5.627208679406667215e-06,9.566254754991334520e-06,9.003533887050667884e-06,1.012897562293200116e-05,9.003533887050667884e-06,3.939046075584667305e-06,7.878092151169334610e-06,9.566254754991334520e-06,9.566254754991334520e-06,1.181713822675400107e-05,1.181713822675400107e-05,1.463074256645733425e-05,1.856978864204200240e-05
4.594615886735543310e-03,3.985751907623742707e-03,3.182186508204470302e-03,2.498480653656560274e-03,2.013977986359645998e-03,1.600940869291196883e-03,9.279267112341593824e-04,1.106309226371350683e-03,2.019605195039052888e-03,2.252008913498548294e-03,1.803520381749836900e-03,1.759628154050464719e-03,1.794516847862786179e-03,1.997096360321426196e-03,2.261575168253539617e-03,2.609899385508812099e-03,2.922209467215882133e-03,3.338060188624035127e-03,4.302563756274337993e-03,4.787066423571251401e-03,4.329574357935489504e-03,3.886150313998244180e-03,4.099984243815697760e-03,4.344767821369887283e-03
6.311927431516869968e-02,6.114468678956490322e-02,5.195432957435793669e-02,4.135604474756341548e-02,3.355391991356607151e-02,2.043971008620883850e-02,8.454881040808517184e-03,7.501631890517028098e-03,8.138631913025861850e-03,8.450941994732933185e-03,8.896616922141940484e-03,1.021563463659486311e-02,1.176086613995993430e-02,1.276419744749814240e-02,1.394647399104148415e-02,1.648378238458594880e-02,1.917133724987057572e-02,2.153757849956107820e-02,2.703085961239786589e-02,3.192934476782136738e-02,3.525108605127512396e-02,3.980743691899070458e-02,4.678011119364350323e-02,5.563227316721813115e-02
3.988565511963445935e-03,3.775294303013933175e-03,3.227204177639723687e-03,2.795597271929232096e-03,2.432642312107502220e-03,1.819276566052175498e-03,9.487473833479640514e-04,7.664258221351881017e-04,7.658631012672473910e-04,7.911855403245774201e-04,7.287235239831634133e-04,7.788056812298827609e-04,8.739055079118553853e-04,9.189231773471087704e-04,1.032030071803182727e-03,1.194656402638035429e-03,1.223917887770950000e-03,1.361221779548472781e-03,1.513719134760393558e-03,1.883426744997411528e-03,2.017917032435230865e-03,2.610462106376752918e-03,3.143358768316564193e-03,3.602538996556148114e-03
2.663695500483940007e-02,2.805050982510635255e-02,2.696108222477322514e-02,2.293819073986539878e-02,2.277781529250230697e-02,1.594694667657055309e-02,7.909604519774010925e-03,6.298534674859882117e-03,7.185382762734373631e-03,8.409863371373263799e-03,9.184730006527561802e-03,1.059884754766245683e-02,1.156391383618070139e-02,1.284129020640601380e-02,1.451257118418979378e-02,1.674713575078218275e-02,1.784162783892677753e-02,1.929907488689310696e-02,2.149987620140905373e-02,2.341481531501114072e-02,2.405237805838791876e-02,2.393026763004479224e-02,2.331802732572534759e-02,2.334953969433002305e-02
2.031422333265806728e-04,1.806333986089540074e-04,1.654399351745560116e-04,1.553109595516240053e-04,1.547482386836833488e-04,1.586872847592680255e-04,1.434938213248700026e-04,2.301528349877326985e-04,2.425326940824273577e-04,2.205865802327413487e-04,1.828842820807166875e-04,1.800706777410133509e-04,1.434938213248700026e-04,1.693789812501406882e-04,1.603754473630900220e-04,1.671280977783780081e-04,1.581245638913273419e-04,1.502464717401580158e-04,1.541855178157426924e-04,1.586872847592680255e-04,1.530600760798613523e-04,1.873860490242420206e-04,1.975150246471740268e-04,2.042676750624620129e-04
4.519774011299435186e-03,3.826501901996533835e-03,3.023499223445202250e-03,2.383122875728723583e-03,2.080379048776644871e-03,1.578994755441510793e-03,1.043284489161996073e-03,1.765255362729871392e-03,2.974542507934364432e-03,2.903076957705899488e-03,2.330789835010241718e-03,2.229500078780921601e-03,2.370743016634029032e-03,2.536182951808584746e-03,2.804038084948342214e-03,3.214261597677088318e-03,3.393206833682220220e-03,3.670065500709028192e-03,4.115740428118036358e-03,4.232223647781754687e-03,4.232786368649694639e-03,4.179890607063272388e-03,4.250230715555855694e-03,4.209714813064127995e-03
4.368908546604542004e-02,3.957953496747473182e-02,3.022036149188556467e-02,2.124158732302428715e-02,1.523285389515384794e-02,8.405361604429738981e-03,4.148378238458595192e-03,4.492200688770341989e-03,5.079118554032457586e-03,5.841605330092061038e-03,6.355369482521890101e-03,7.282733472888108447e-03,8.252301528349877818e-03,8.811083350214958532e-03,9.634343980012154834e-03,1.100963378125914376e-02,1.258356404888918978e-02,1.399486798568438072e-02,1.766211988205370481e-02,2.252515362279694858e-02,2.601739932923672477e-02,2.973248249938100635e-02,3.529835460418213888e-02,4.107243343012132591e-02
3.810914533954577049e-02,3.735453665563733677e-02,3.399621851576743736e-02,2.787437819344092474e-02,2.665214846827379871e-02,1.943300245346298374e-02,9.570193801066918804e-03,8.382290048844170602e-03,1.107097035586467743e-02,1.204672834087379234e-02,1.258018772368154486e-02,1.287842978369009919e-02,1.375571161680959852e-02,1.479111801382042464e-02,1.679778062889684259e-02,1.956580457829698236e-02,2.144022778940734078e-02,2.393870844306390105e-02,2.724413082134737735e-02,3.072793571476804819e-02,3.157032885407522194e-02,3.284264073648907045e-02,3.396189254282305781e-02,3.545422828460170761e-02
3.035603349314606181e-01,2.327475409098070935e-01,1.629352645913521025e-01,1.075832264163684299e-01,6.844542733022711267e-02,3.024455848920701295e-02,3.370866815224975860e-02,6.407758795327166135e-02,1.342134287707925366e-01,2.240827649852566994e-01,2.672260112093997053e-01,2.797775001688162511e-01,3.062338217750467106e-01,3.172322011389470120e-01,3.038951538478852910e-01,2.914618362707362409e-01,2.645592770162288887e-01,2.472117180993539942e-01,3.351177212055732046e-01,4.394979404416233248e-01,4.688207621491435328e-01,4.285288225628559045e-01,3.782733472888108461e-01,3.443204582798748414e-01
6.164044387422062780e-03,5.402683053098340966e-03,4.399914466428072810e-03,3.573840232291174146e-03,3.089337564994260304e-03,2.616089315056159374e-03,1.561550408535350171e-03,1.590811893668264742e-03,3.271659126207036253e-03,3.582843766178225083e-03,3.170932090845656956e-03,2.980169716613770888e-03,3.143921489184505012e-03,3.356629977266076953e-03,3.663875571161680916e-03,4.108987777702748263e-03,4.540594683413239421e-03,4.628379138811983783e-03,5.353726337587502715e-03,5.567560267404956728e-03,5.565309383933193452e-03,5.599635356877574743e-03,5.715555855673351386e-03,5.836540842280595401e-03
2.015834965223850528e-02,2.068730726810272952e-02,1.823947149256082909e-02,1.484795282148243176e-02,1.308663650482814501e-02,9.826231795979922107e-03,4.595178607603484129e-03,3.296981565264366174e-03,3.524320795912395509e-03,3.373511603304296756e-03,3.533324329799446446e-03,3.899092893960879550e-03,4.218155626083237679e-03,4.962072613500799305e-03,5.795462218920926882e-03,6.668242285096900521e-03,7.635559457086906615e-03,8.414365138316788617e-03,1.073952776464762345e-02,1.302079816327908653e-02,1.443097665833839756e-02,1.551421432912418116e-02,1.644270376122628288e-02,1.785850946496499864e-02
1.016105071240461927e-02,8.215161951065794166e-03,5.546739595291151625e-03,3.553582281045310296e-03,2.720192675625182719e-03,2.517613163166542919e-03,2.016791590699349660e-03,2.453462984221306889e-03,3.697076102370180136e-03,4.385283723861615850e-03,4.731357057645125923e-03,4.701532851644270317e-03,4.597992211943187357e-03,4.743174195871879655e-03,5.043104418484254704e-03,5.905755509037297069e-03,6.706507304116865811e-03,7.075089472618002577e-03,8.036216715060660529e-03,8.977086006257456799e-03,9.135210570148783599e-03,8.978774168861277521e-03,9.640533909559502110e-03,1.037488464222207155e-02
5.532108852724694666e-03,5.419564679136561203e-03,4.352645913521057015e-03,3.521507191572692281e-03,3.101717424088954855e-03,2.671798680982285720e-03,1.447318072343394685e-03,1.460823373173970874e-03,1.559862245931528148e-03,1.688162603822000209e-03,1.702793346388457385e-03,1.861480631147725438e-03,1.837283633826276722e-03,2.012852544623764794e-03,2.109640533909559659e-03,2.571071645620905989e-03,2.936277488914398708e-03,3.136043397033335713e-03,3.566524861007945666e-03,4.281743084160532890e-03,4.473630900128300163e-03,4.411731604654827409e-03,4.898485155423504094e-03,5.247372093546717395e-03
6.346647309068809140e-02,5.906036869471267131e-02,5.062405744254620116e-02,4.031669930447701056e-02,3.416672293875346045e-02,2.683897179643009862e-02,1.681803858014270514e-02,1.650235217322799236e-02,2.390438247011952150e-02,2.924235262340468475e-02,2.710457604609809237e-02,2.574279154568168138e-02,2.573209984919080581e-02,2.578668377338105139e-02,2.762115380286762553e-02,2.985628109032795532e-02,3.094458324892520457e-02,3.247180768451617128e-02,3.910403583406486805e-02,4.315843968757737681e-02,4.753528259841988124e-02,5.214959371553334888e-02,5.653881648547054439e-02,6.026234046863394173e-02
5.260877394377292716e-03,5.243995768339073348e-03,4.470817295788596935e-03,3.566524861007945666e-03,3.258716546244400884e-03,2.337542485425529379e-03,1.167645800976883485e-03,1.255992977243568015e-03,1.315078668377338191e-03,1.316204110113219396e-03,1.225606050374772023e-03,1.398361356832556867e-03,1.570553942422400892e-03,1.630202354424111454e-03,1.833344587750692072e-03,2.081504490512526076e-03,2.451774821617484865e-03,2.700497445247259688e-03,3.314988633038467615e-03,3.820874693317126945e-03,3.849010736714160094e-03,4.152317284534180059e-03,4.414545208994530637e-03,4.802822607873590000e-03
3.751395547752492954e-01,2.804370090260427384e-01,2.032795372183582028e-01,1.531540504648074286e-01,1.122318635064262771e-01,6.328021248339973925e-02,7.945449839061831387e-02,1.455151146825128805e-01,2.204554662705111856e-01,3.256865194588876022e-01,3.609623652283521222e-01,3.398502037049541680e-01,3.544466202984671299e-01,3.526031467350935200e-01,3.543093164066896117e-01,3.505745380061674465e-01,3.225037702298151898e-01,2.960547639948679643e-01,3.949619600693272115e-01,4.695309158844846453e-01,4.766493348639340710e-01,4.370337857609111754e-01,4.204160758097553185e-01,4.111520021608481290e-01
5.111891417381322356e-01,3.599489049451909950e-01,2.347350710153735254e-01,1.653611542530443179e-01,1.266763454655952525e-01,1.019245053683570795e-01,2.591684111013572989e-01,6.731345803227767322e-01,8.896735093524208438e-01,1.000000000000000000e+00,9.483191527674612598e-01,8.849787291511918008e-01,9.171939361199270557e-01,9.017781979426925387e-01,9.102370180295765723e-01,8.840446125104103325e-01,7.871322619128007236e-01,6.740416863618970966e-01,7.952585139667319725e-01,8.971498188038805610e-01,8.506566952528867853e-01,7.270775654444369129e-01,6.897506021113286589e-01,6.273639903662187045e-01
3.305985099151417111e-03,2.860310171742408945e-03,2.405068989578409457e-03,1.950953249150291389e-03,1.856416143336259584e-03,1.683098116010534138e-03,8.654646948927453756e-04,8.969770634974227885e-04,1.205910819996848776e-03,1.243050397280932862e-03,1.155265941882188717e-03,1.152452337542485489e-03,1.249240326828280137e-03,1.304949692754406049e-03,1.436626375852522158e-03,1.661714723028788867e-03,1.808584869561302754e-03,1.860355189411844233e-03,2.124271276476017052e-03,2.222184707497692688e-03,2.349922344520224363e-03,2.450649379881603661e-03,2.666171472302878830e-03,3.088774844126319485e-03
7.382672699034370511e-02,5.767832624305039430e-02,3.944785828437661485e-02,2.521158304634569039e-02,1.683266932270916297e-02,8.977648727125395883e-03,6.114524951043284577e-03,9.789654939563779273e-03,1.611970198302833945e-02,2.010095212370855561e-02,2.083699101897494924e-02,2.316946901658900951e-02,2.567188871632115552e-02,2.708656897832399310e-02,2.843484817790982791e-02,3.277511423233619298e-02,3.582506133657460679e-02,3.844115065163076356e-02,5.024759718189389379e-02,6.269216917640173248e-02,6.832387962275192350e-02,6.954442118531523054e-02,7.538996556148287731e-02,7.867569270938842840e-02
8.613568325567784803e-03,8.465010016431450193e-03,6.829743174195872235e-03,5.135390640826524751e-03,4.209152092196187175e-03,3.226641456771782868e-03,1.636392283971458729e-03,1.849100772053030887e-03,2.089945303531636194e-03,1.970648479528214637e-03,1.938573390055596838e-03,2.145091948589821721e-03,2.378058387917257512e-03,2.599207689017939572e-03,2.717941792153420310e-03,3.002115830463456762e-03,3.462421500438922321e-03,3.755036351768068891e-03,4.380219236050149345e-03,5.304769622076665331e-03,5.742566457334503764e-03,6.326670718256916133e-03,7.009813851936884908e-03,7.861773245999055179e-03
2.044477457402030240e-02,1.677020730636774939e-02,1.258637765322889214e-02,9.025480000900353364e-03,6.994057667634546310e-03,4.770184797533032033e-03,2.914894095932653653e-03,3.412339343192202865e-03,5.286199833434623505e-03,6.614783802642537451e-03,6.370000225088347061e-03,6.786976388232381259e-03,7.381772345645665721e-03,8.363720260202128776e-03,9.352420825173880792e-03,1.075415850721408127e-02,1.207711526774258963e-02,1.294820717131474168e-02,1.448443514079276150e-02,1.708139194633893909e-02,1.812355099376505158e-02,1.929457311994958041e-02,2.090451752312782671e-02,2.089270038490107298e-02
5.804465752807977386e-03,5.289013437774326733e-03,4.413419767258648999e-03,3.697076102370180136e-03,3.370697998964593527e-03,2.984671483557296140e-03,1.901433812771512752e-03,2.393251851351655725e-03,3.851824341053863756e-03,4.538343799941477012e-03,3.812433880298016827e-03,3.357192698134017772e-03,3.367884394624890299e-03,3.560334931460598391e-03,3.718459495351925624e-03,4.161320818421230562e-03,4.511895919148265453e-03,4.462376482769487250e-03,5.069552299277466263e-03,5.298016971661377236e-03,5.071240461881288721e-03,5.131451594750939885e-03,5.331780223737816841e-03,5.792085893713282835e-03
2.107952371305737635e-03,1.733742994125194196e-03,1.352780966529362880e-03,1.016836608368784731e-03,8.930380174218380306e-04,7.208454318319940058e-04,5.419001958268619950e-04,6.673869493776307194e-04,1.124879015013392726e-03,1.380917009926396028e-03,1.133319828032502844e-03,1.065230603011682164e-03,1.154703221014248115e-03,1.213226191280077472e-03,1.324082202264388695e-03,1.477142278344250074e-03,1.662277443896729469e-03,1.563801292007112797e-03,1.636955004839399548e-03,1.891304837148580827e-03,1.867670560695072713e-03,1.744434690616066723e-03,1.851914376392734115e-03,1.968960316924392613e-03
7.695770589956557779e-03,7.082404843901231491e-03,5.621581470727260617e-03,4.275553154613185615e-03,3.567087581875886485e-03,2.567132599545321556e-03,1.529475319062732156e-03,1.574492988497985541e-03,1.781011547032210207e-03,1.832219146014810868e-03,1.769194408805456042e-03,1.894681162356224875e-03,2.097260674814864674e-03,2.291962095122335608e-03,2.515362279694780077e-03,2.829923244873612954e-03,3.088212123258379099e-03,3.311612307830823568e-03,3.617732459990546327e-03,4.231098206045873049e-03,4.799446282665945952e-03,5.362167150606613267e-03,6.267022306255204921e-03,7.299052378058387865e-03
3.233394107187070963e-03,2.941341976725864778e-03,2.409008035653994323e-03,1.917189997073851567e-03,1.690413487293762835e-03,1.273437324149728853e-03,9.504355459517860750e-04,1.458572489702208031e-03,2.863123776082112174e-03,3.137731559637157736e-03,2.643662637585252138e-03,2.641411754113489729e-03,2.631845499358498406e-03,2.784342854570418749e-03,2.796159992797172915e-03,3.016183852161973770e-03,3.117473608391293453e-03,3.109032795372183768e-03,3.533887050667386832e-03,3.535012492403268470e-03,3.235644990658833806e-03,3.107344632768361745e-03,3.252526616697053608e-03,3.138857001373038941e-03
3.954239539019064643e-03,3.756724514371890915e-03,2.899137911630315055e-03,2.387061921804308016e-03,2.140027460778355650e-03,1.677470907331127465e-03,1.005582191009971385e-03,1.543543340761248731e-03,2.519864046638305329e-03,3.327368492133162166e-03,2.645350800189074161e-03,2.282395840367344286e-03,2.114705021721025296e-03,2.236252729196209696e-03,2.307155558556733387e-03,2.676300447925810972e-03,2.730321651248114861e-03,2.654354334076124665e-03,3.044882616426947738e-03,3.184437391676232711e-03,3.085961239786616257e-03,3.113534562315709020e-03,3.401084925833389519e-03,3.636302248632588153e-03
1.840097238165980275e-04,1.547482386836833488e-04,1.226731492110653336e-04,1.102932901163706744e-04,1.018524770972606782e-04,7.371643370022733959e-05,3.770229815202466806e-05,8.159452585139667928e-05,1.401174961172260095e-04,2.262137889121480219e-04,3.286289868773493430e-04,3.781484232561280342e-04,3.708330519728993374e-04,3.246899408017646935e-04,3.230017781979426699e-04,2.791095504985707061e-04,2.279019515159700184e-04,2.312782767236140115e-04,2.774213878947486825e-04,2.543498323091813334e-04,2.025795124586400164e-04,1.592500056272086819e-04,1.553109595516240053e-04,1.581245638913273419e-04
3.303171494811713666e-04,2.768586670268080260e-04,2.115830463456906826e-04,1.333648457019380234e-04,1.046660814369640148e-04,7.427915456816800962e-05,4.445494856731266770e-05,5.852297026582933701e-05,7.821820064375267269e-05,8.046908411551533923e-05,7.146555022846467304e-05,7.371643370022733959e-05,8.665901366286266885e-05,8.778445539874400890e-05,1.052288023049046713e-04,1.440565421928106861e-04,1.840097238165980275e-04,1.817588403448353474e-04,2.453462984221306672e-04,2.689805748756386727e-04,2.824858757062146991e-04,3.049947104238413375e-04,3.635176806896706948e-04,3.517005424629166921e-04
2.284252819231548381e-02,2.110822247732234772e-02,1.692833187025907793e-02,1.271130168591172102e-02,9.223557746415467912e-03,5.700362392238953607e-03,2.752830485965741553e-03,2.702748328719022097e-03,3.684133522407544766e-03,4.139374704571544689e-03,3.832691831543881111e-03,4.123618520269206091e-03,4.504580547865037407e-03,4.969387984784027351e-03,5.398181286154816148e-03,6.337362414747788227e-03,7.023319152767461097e-03,7.903977311094604469e-03,1.012785018119611961e-02,1.243500573975285343e-02,1.386544218605802702e-02,1.566164719652463760e-02,1.860073828977873781e-02,2.132937177842303064e-02
1.114018502262137909e-02,1.019987845229252538e-02,8.117811240912058482e-03,6.222004636819951535e-03,4.958696288293155258e-03,3.225516015035901664e-03,1.527224435590969530e-03,1.321268597924685467e-03,1.384856056001980678e-03,1.582933801517095443e-03,1.506403763477164861e-03,1.663965606500551492e-03,1.815900240844531451e-03,2.039300425416976353e-03,2.274517748216174987e-03,2.570508924752965604e-03,2.784905575438359569e-03,2.835550453553019410e-03,3.707205077993112278e-03,4.948004591802282297e-03,5.867490490017331778e-03,7.282733472888108447e-03,9.002408445314786720e-03,1.060897652328538984e-02
1.531557386274112580e-02,1.478492808427307736e-02,1.193643505075742302e-02,9.242690255925450557e-03,7.364890719607446352e-03,5.148333220789160121e-03,2.443896729466315566e-03,1.981902896887027983e-03,2.668422355774641673e-03,2.675737727057870153e-03,2.527179417921534242e-03,2.784342854570418749e-03,3.034190919936074777e-03,3.219888806356494774e-03,3.547392351497963021e-03,3.957615864226708691e-03,4.392036374276903944e-03,4.726855290701600237e-03,5.518603551894118477e-03,7.247844779075787204e-03,8.701915501834470851e-03,9.776149638733203084e-03,1.117394827469781957e-02,1.358633263555945707e-02
2.892385261215026961e-03,2.471470051995408330e-03,2.066311027078128297e-03,1.651023026537916123e-03,1.307200576226168675e-03,8.936007382897787413e-04,6.077385373759200491e-04,6.443153937920634245e-04,8.581493236095167872e-04,1.080424066446080160e-03,1.097305692484300179e-03,1.007270353613793409e-03,1.029779188331420101e-03,1.048348976973462144e-03,1.175523893128052784e-03,1.371913476039345525e-03,1.484457649627478771e-03,1.694915254237288086e-03,1.768068967069574837e-03,1.868796002430954135e-03,2.064060143606365454e-03,2.316159092443784324e-03,2.665608751434938011e-03,2.861998334346230969e-03
2.497118869156143839e-01,1.706951853602539093e-01,1.128525446237648305e-01,7.519582686204334676e-02,5.248103630675039766e-02,3.227823170594458502e-02,4.187318522520089292e-02,8.809507731784725626e-02,1.757371643370022607e-01,2.047043464559839820e-01,2.364401152452337562e-01,2.718729601368536919e-01,3.056784162783892644e-01,3.209984919080739463e-01,3.208904495014293090e-01,3.560779480946271169e-01,3.577514799558826897e-01,3.472814954869786197e-01,4.384231435838566449e-01,4.971447543160690818e-01,4.443238346050825127e-01,3.883241047110991273e-01,3.777528304859657515e-01,3.291196794741936271e-01
1.202084318094852160e-02,1.076597564544083500e-02,8.370472910617416870e-03,6.483669840412362162e-03,5.414500191325094698e-03,4.433114997636572463e-03,3.710581403200756325e-03,6.699754653701577717e-03,9.852679676773133666e-03,9.427262700609988916e-03,6.911900420915209273e-03,6.459472843090913012e-03,6.506178675129988855e-03,6.794291759515610173e-03,6.986179575483377445e-03,7.749229072410921716e-03,8.290003826501902290e-03,8.452067436468814823e-03,9.647849280842731023e-03,9.660791860805366393e-03,9.570756521934859623e-03,9.358048033853287248e-03,9.605645215747179999e-03,1.041933959078938411e-02
6.968735228577216390e-03,6.324419834785152857e-03,5.198415378035879143e-03,4.042586715285749824e-03,3.457919733495397070e-03,2.647601683660837004e-03,1.763004479258108766e-03,2.085443536588110942e-03,3.239021315866477419e-03,3.319490399981992867e-03,2.790532784117766025e-03,2.810228014495689489e-03,2.980732437481711707e-03,3.221576968960316797e-03,3.406712134512796409e-03,3.927228937357913133e-03,4.332950683143133551e-03,4.618812884056992460e-03,5.251311139622301394e-03,5.878182186508204739e-03,6.026740495644540216e-03,6.348616832106602006e-03,6.535440160262902774e-03,6.657550588606027560e-03
1.103776982465617777e-02,9.004096607918607442e-03,7.104913678618858183e-03,5.520854435365880886e-03,4.944628266594638250e-03,3.872645013167668425e-03,2.762396740720732876e-03,3.290791635717018899e-03,4.161883539289171381e-03,5.713304972201588977e-03,5.566434825669075090e-03,5.488779345893262870e-03,5.711616809597767387e-03,6.124653926666216719e-03,6.512368604677336130e-03,7.355887185720394982e-03,7.896099218943434736e-03,8.233731739707835992e-03,9.095257388524995851e-03,1.030792085893713315e-02,1.034280955274945353e-02,1.019593940621693964e-02,1.088808607378395979e-02,1.101976275688207677e-02
1.183795889886780570e-02,9.821730029036397289e-03,7.296801494586625456e-03,5.505660971931483107e-03,4.378531073446327755e-03,3.052760708578117037e-03,2.032547775001688258e-03,2.502982420600085526e-03,3.778670628221576788e-03,4.527089382582664100e-03,4.080289013437774295e-03,4.050464807436918689e-03,4.235037252121457915e-03,4.494451572242105265e-03,5.197852657167938324e-03,5.995790847907803839e-03,6.870259076687599935e-03,7.385711391721250588e-03,8.607378396020437528e-03,9.645035676503026928e-03,1.003049947104238393e-02,1.055664348256690754e-02,1.124091205798275796e-02,1.136527336979764602e-02
3.623922389537893819e-04,2.582888783847660371e-04,1.716298647219033412e-04,1.226731492110653336e-04,1.395547752492853530e-04,1.637517725707340150e-04,2.273392306480293619e-04,3.905282823508226934e-04,6.173047921309113718e-04,1.051725302181106192e-03,1.162018592297476812e-03,1.440565421928106807e-03,1.537916132081842057e-03,1.518783622571859412e-03,1.156391383618070139e-03,1.235735025997704165e-03,1.146825128863078816e-03,1.049474418709343349e-03,1.379228847322574005e-03,1.945888761338825535e-03,1.263308348526796712e-03,6.330609764332500783e-04,4.411731604654826975e-04,3.922164449546447170e-04
1.894737434443018870e-02,1.833851036531838896e-02,1.480406059378306001e-02,1.100738289778738221e-02,8.347964075899791045e-03,5.225988700564971473e-03,2.433767753843383425e-03,2.694870236567852798e-03,3.438224503117473605e-03,3.515317262025345005e-03,3.149548697863911468e-03,3.361131744209602205e-03,3.737029283993967450e-03,3.939046075584666864e-03,4.298624710198753127e-03,5.175906543318252451e-03,5.783082359826231464e-03,6.324982555653093676e-03,7.549463164291984711e-03,9.077813041618835663e-03,1.020156661489634610e-02,1.159204987957773367e-02,1.394366038670178005e-02,1.686080536610619698e-02
2.829360524005672135e-03,2.460215634636594983e-03,1.834470029486573494e-03,1.303261530150584026e-03,9.448083372723794018e-04,5.458392419024467529e-04,3.269408242735273736e-04,3.697076102370180244e-04,5.919823530735813426e-04,8.969770634974227885e-04,1.141760641051612745e-03,1.423683795889886788e-03,1.579557476309451395e-03,1.723614018502262054e-03,1.841785400769802190e-03,2.001035406397010628e-03,1.976838409075562346e-03,1.675220023859364839e-03,1.782699709636032231e-03,2.052243005379611289e-03,2.105701487833974792e-03,1.995408197717604172e-03,2.160285412024219500e-03,2.635221824566142020e-03
2.045602899137911532e-02,1.288180610889774237e-02,7.855020595583767085e-03,5.025660071578094516e-03,3.639115852972291815e-03,3.002115830463456762e-03,6.032367704323947540e-03,1.750568348076620220e-02,3.648907196074459292e-02,4.240101739932923552e-02,5.639532266414568062e-02,6.582202264388772872e-02,6.693002003286289969e-02,6.452213743894479048e-02,6.271130168591172727e-02,6.389301550858711432e-02,5.608920251198595136e-02,4.603900781056564917e-02,5.275958313638103026e-02,5.188117586152565103e-02,4.038253764602606211e-02,3.311274675310059423e-02,3.243297994462826517e-02,2.859803722961262382e-02
1.746584284331600123e-01,1.612206541067368881e-01,1.291264321246089197e-01,9.575708465572736749e-02,7.213968982825759435e-02,3.866961532401467366e-02,1.778648119386859461e-02,1.503927791658225821e-02,1.713766403313300365e-02,2.388581268147748141e-02,2.892103900781056725e-02,3.164123168343575127e-02,3.585544826344340408e-02,3.930886622999527069e-02,4.120073378801179798e-02,4.506493798816035151e-02,4.712055731874760511e-02,5.054977828797803385e-02,6.813086636504828153e-02,9.379543971008620640e-02,1.125633060976433258e-01,1.288259391811285848e-01,1.446580908006392385e-01,1.612983095865127003e-01
3.511940936817700698e-02,4.084734508294505378e-02,3.868987327526054315e-02,3.379982893285614354e-02,2.841965471447543273e-02,1.803689198010218972e-02,6.836495824611159462e-03,3.571026627951470918e-03,2.858622009138586922e-03,2.674049564454048129e-03,2.873815472572984701e-03,3.116910887523353067e-03,3.492245706439777494e-03,3.894028406149413479e-03,4.372903864766921299e-03,4.899047876291444045e-03,5.522542597969703343e-03,6.281653048821662748e-03,8.235982623179597534e-03,1.073164967249645545e-02,1.280471334998987097e-02,1.589967812366353817e-02,2.069518536025390099e-02,2.703761226281315572e-02
1.974024804735858684e-03,9.149841312715241209e-04,7.478560334931460586e-04,1.626826029216467406e-03,1.231233259054178783e-02,4.328786548720373051e-02,5.657933238796227643e-02,6.757433542665496062e-02,6.444898372611250481e-02,6.078567087581875777e-02,5.982116730816845751e-02,5.951223355166902762e-02,6.605611452495104008e-02,7.322180205730749458e-02,7.862898687734935776e-02,7.782373331532627114e-02,7.594818466248001720e-02,6.340232291174285884e-02,5.322439057330002193e-02,3.566356044747563681e-02,1.581752087694419939e-02,6.427397753618294997e-03,3.002678551331397581e-03,2.330789835010241718e-03
4.536655637337655422e-03,3.426970085758660259e-03,2.342606973236995450e-03,1.558174083327706124e-03,1.087176716861368037e-03,9.031669930447700639e-04,9.374929659891507051e-04,1.149076012334841442e-03,1.459697931438089452e-03,1.909311904922682051e-03,1.826591937335404195e-03,1.893555720620343453e-03,1.811961194768946801e-03,2.013415265491705613e-03,2.071938235757534753e-03,2.425326940824273740e-03,2.849618475251536418e-03,2.788281900646003616e-03,2.817543385778918403e-03,3.282913543565849600e-03,3.638553132104350996e-03,3.811871159430076442e-03,4.222657393026763364e-03,4.565354401602629390e-03
5.315911495261890080e-02,4.710648929704909504e-02,3.731852252008913823e-02,2.829923244873612867e-02,2.231582145992301938e-02,1.591937335404145989e-02,1.151158079546221909e-02,1.982409345668174894e-02,2.424651675782744584e-02,2.501969523037792312e-02,2.194048664100659365e-02,2.125678078645868579e-02,2.179474193620996314e-02,2.290667837126071985e-02,2.348290454003196248e-02,2.569777387624642626e-02,2.578668377338105139e-02,2.494429063407387417e-02,2.891203547392351414e-02,3.371992256960856804e-02,3.764996511130618700e-02,4.245222499831183965e-02,4.552524365813581664e-02,4.984018727350485178e-02
7.537083305197290160e-03,6.184865059535867883e-03,4.937875616179350155e-03,3.813559322033898465e-03,3.065703288540752407e-03,2.316721813311724710e-03,1.285254462376482802e-03,1.656087514349382193e-03,3.638553132104350996e-03,3.731402075314560994e-03,2.880005402120332410e-03,2.869876426497400268e-03,3.017872014765795360e-03,3.218763364620613569e-03,3.460170616967159479e-03,3.981812861548157841e-03,4.305940081481982040e-03,4.236725414725279505e-03,4.919305827537308329e-03,5.720620343484817891e-03,6.463974610034438698e-03,7.495441960969680822e-03,8.035653994192721444e-03,7.958561235284850044e-03
6.194825218898417779e-02,5.474711324194746209e-02,4.540763499673621667e-02,3.490107367141603162e-02,2.710345060436221074e-02,1.746066581133094708e-02,1.291444391923830121e-02,2.357969252931775561e-02,5.001688162603822041e-02,6.393690773628649127e-02,5.382650190199653184e-02,4.901636392283971466e-02,4.946035068764489950e-02,5.123967407207329072e-02,5.246865644765570658e-02,5.573187476084363184e-02,5.644202849618475126e-02,5.520235442411146332e-02,6.567796610169492066e-02,6.677414635244333097e-02,6.218740855785895999e-02,6.067200126049474701e-02,6.338431584396875262e-02,6.375852522114930365e-02
7.256398136268485399e-02,5.990726360096337855e-02,4.623652283521281769e-02,3.471593850586355418e-02,2.799930222612375189e-02,1.771557836450806875e-02,1.156110023184099729e-02,2.094953519256308183e-02,3.709174601030904711e-02,4.112814279604744966e-02,4.207351385418776901e-02,4.342291849550948546e-02,4.510826749499178417e-02,4.661242037499718771e-02,4.824149728768541839e-02,5.289632430729061113e-02,5.754890044342404060e-02,6.187566119701982947e-02,7.549350620118396027e-02,7.946181376190154799e-02,7.854908051410178227e-02,7.697402480473586328e-02,7.657111666329034783e-02,7.583451504715600644e-02
1.251885114907601293e-02,1.086557723906633396e-02,8.539851891867558317e-03,6.528124788979674728e-03,5.591194543858464192e-03,4.603056699754653862e-03,3.071893218088099682e-03,4.422986022013640321e-03,7.568032952934026537e-03,8.604564791680735167e-03,8.114997636572354386e-03,7.379521462173903312e-03,8.182524140725235332e-03,8.899993247349585399e-03,8.708105431381818126e-03,9.811038332545523460e-03,1.034674859882503926e-02,1.050037139577284125e-02,1.248846422220721564e-02,1.371688387692169241e-02,1.257624867760596087e-02,1.184020978233956897e-02,1.154759493101042110e-02,1.209849866072433382e-02
2.913723636527337235e-01,2.438550881220879207e-01,1.835297229162446142e-01,1.285023746820627144e-01,8.430065050532334348e-02,3.781990681342426580e-02,2.169964210952798900e-02,3.143021135795799614e-02,5.049969613073131136e-02,5.790285186935872214e-02,7.751086051275125899e-02,9.648074369189907351e-02,1.233686722038400130e-01,1.330142706012109877e-01,1.316001530600760805e-01,1.312816530488216671e-01,1.272368154500641557e-01,1.323198730501722042e-01,1.976005582191009968e-01,2.798303959304027089e-01,3.257411033830778790e-01,3.228250838454093108e-01,3.078145046930920170e-01,3.026819276566052319e-01
1.019025592545073911e-01,7.933238796227519429e-02,5.496376077610461847e-02,3.735735025997704434e-02,2.646645058185337698e-02,1.453339185630359888e-02,1.088302158597249415e-02,1.780054921556711162e-02,3.213473788461971431e-02,4.773786211087852061e-02,4.704571544331150046e-02,4.546953429220969289e-02,4.630742566457334702e-02,4.721396898282576027e-02,4.981992932225898923e-02,5.477356112274067712e-02,5.696704706597339324e-02,5.803396583158890176e-02,7.288473225741103068e-02,8.989353321178562839e-02,9.468341323969657608e-02,9.900736038895266433e-02,1.071589348819411563e-01,1.096394084678236208e-01
9.515047156008734144e-03,8.126814774799108118e-03,6.318229905237805581e-03,4.616562000585230051e-03,3.789362324712449749e-03,3.176559299525063412e-03,1.979089292547324755e-03,1.881738582393589505e-03,2.334166160217885332e-03,3.019560177369617383e-03,2.935714768046458322e-03,2.885632610799738866e-03,2.783780133702478364e-03,3.115222724919531044e-03,3.662187408557858893e-03,4.594053165867603358e-03,5.255250185697886260e-03,5.806716636279739795e-03,6.774596529137686708e-03,7.825196389582910611e-03,7.906228194566367745e-03,8.480766200733787924e-03,9.093569225921173393e-03,9.274765345398068572e-03
1.311139622301753433e-04,7.709275890787134619e-05,5.627208679406667046e-05,4.220406509555000115e-05,4.895671551083800079e-05,2.644788079321133532e-05,1.744434690616066913e-05,2.250883471762666886e-05,2.419699732144866877e-05,2.926148513291466850e-05,4.839399464289733754e-05,5.852297026582933701e-05,6.415017894523600338e-05,7.484187543610866609e-05,8.497085105904067233e-05,7.878092151169334271e-05,8.834717626668467892e-05,9.960159362549801166e-05,1.254867535507686702e-04,1.569991221554460018e-04,1.536227969478020088e-04,1.575618430233866854e-04,1.569991221554460018e-04,1.316766830981159998e-04
0.000000000000000000e+00,0.000000000000000000e+00,0.000000000000000000e+00,0.000000000000000000e+00,0.000000000000000000e+00,0.000000000000000000e+00,0.000000000000000000e+00,0.000000000000000000e+00,0.000000000000000000e+00,0.000000000000000000e+00,0.000000000000000000e+00,0.000000000000000000e+00,0.000000000000000000e+00,0.000000000000000000e+00,0.000000000000000000e+00,0.000000000000000000e+00,0.000000000000000000e+00,0.000000000000000000e+00,0.000000000000000000e+00,0.000000000000000000e+00,0.000000000000000000e+00,0.000000000000000000e+00,0.000000000000000000e+00,0.000000000000000000e+00
0.000000000000000000e+00,0.000000000000000000e+00,0.000000000000000000e+00,0.000000000000000000e+00,0.000000000000000000e+00,0.000000000000000000e+00,0.000000000000000000e+00,0.000000000000000000e+00,0.000000000000000000e+00,0.000000000000000000e+00,0.000000000000000000e+00,0.000000000000000000e+00,0.000000000000000000e+00,0.000000000000000000e+00,0.000000000000000000e+00,0.000000000000000000e+00,0.000000000000000000e+00,0.000000000000000000e+00,0.000000000000000000e+00,0.000000000000000000e+00,0.000000000000000000e+00,0.000000000000000000e+00,0.000000000000000000e+00,0.000000000000000000e+00
0.000000000000000000e+00,0.000000000000000000e+00,0.000000000000000000e+00,0.000000000000000000e+00,0.000000000000000000e+00,0.000000000000000000e+00,0.000000000000000000e+00,0.000000000000000000e+00,0.000000000000000000e+00,0.000000000000000000e+00,0.000000000000000000e+00,0.000000000000000000e+00,0.000000000000000000e+00,0.000000000000000000e+00,0.000000000000000000e+00,0.000000000000000000e+00,0.000000000000000000e+00,0.000000000000000000e+00,0.000000000000000000e+00,0.000000000000000000e+00,0.000000000000000000e+00,0.000000000000000000e+00,0.000000000000000000e+00,0.000000000000000000e+00
0.000000000000000000e+00,0.000000000000000000e+00,0.000000000000000000e+00,0.000000000000000000e+00,0.000000000000000000e+00,0.000000000000000000e+00,0.000000000000000000e+00,0.000000000000000000e+00,0.000000000000000000e+00,0.000000000000000000e+00,0.000000000000000000e+00,0.000000000000000000e+00,0.000000000000000000e+00,0.000000000000000000e+00,0.000000000000000000e+00,0.000000000000000000e+00,0.000000000000000000e+00,0.000000000000000000e+00,0.000000000000000000e+00,0.000000000000000000e+00,0.000000000000000000e+00,0.000000000000000000e+00,0.000000000000000000e+00,0.000000000000000000e+00
0.000000000000000000e+00,0.000000000000000000e+00,0.000000000000000000e+00,0.000000000000000000e+00,0.000000000000000000e+00,0.000000000000000000e+00,0.000000000000000000e+00,0.000000000000000000e+00,0.000000000000000000e+00,0.000000000000000000e+00,0.000000000000000000e+00,0.000000000000000000e+00,0.000000000000000000e+00,0.000000000000000000e+00,0.000000000000000000e+00,0.000000000000000000e+00,0.000000000000000000e+00,0.000000000000000000e+00,0.000000000000000000e+00,0.000000000000000000e+00,0.000000000000000000e+00,0.000000000000000000e+00,0.000000000000000000e+00,0.000000000000000000e+00
3.165304882166250066e-03,2.790532784117766025e-03,2.421950615616629693e-03,1.896932045827987500e-03,1.635266842235577524e-03,1.244175839016814066e-03,7.180318274922907777e-04,8.733427870439147830e-04,1.463074256645733500e-03,1.755689107974880070e-03,1.685911720350237366e-03,1.636392283971458729e-03,1.672969140387602213e-03,1.823215612127760147e-03,1.921129043149436217e-03,2.208679406667116932e-03,2.321786301123190781e-03,2.456276588561010117e-03,2.697121120039615641e-03,2.871001868233281473e-03,2.996488621784050305e-03,3.024624665181083454e-03,3.129290746618047618e-03,3.176559299525063412e-03
